,artist_name,track_name,track_id,popularity
0,SZA,Good Days,3YJJjQPAbDT7mGpX3WtQ9A,92
1,Ema Spatula,Year 2020,6s0QJ4tfTOkkkOMQz8HCrg,29
2,The Weeknd,Blinding Lights,0VjIjW4GlUZAMYd2vXMi3b,95
3,Hammock,Dark Beyond the Blue - 2020,79hqdNpnWPVVxmZiDfKaIL,39
4,The Weeknd,Save Your Tears,5QO79kh1waicV47BqGRL3g,94
5,Hammock,Longest Year - 2020,51TAp7p7B3xboCl5HWmEkF,34
6,CJ,Whoopty,5vGLcdRuSbUhD8ScwsGSdA,93
7,Armin van Buuren,A State Of Trance (ASOT 996) - A State Of Trance Tune Of The Year 2020,6BMhvxuuCm1QAxYVrFuPZU,20
8,24kGoldn,Mood (feat. iann dior),3tjFYV6RSFtuktYl3ZtYcq,94
9,The Rolling Stones,100 Years Ago - 2020,0RJplx8HMNZsBYmvjCsnO4,36
10,The Kid LAROI,WITHOUT YOU,27OeeYzk6klgBh83TSvGMA,93
11,FUZZZY,Smile Year 2020 Pick up Line,2Uj2Vz9s4vcGSmiiiqWADs,18
12,Ariana Grande,34+35,6Im9k8u9iIzKMrmV7BWtlF,92
13,Hammock,One Another - 2020,7opImrwNkmetyUJq3cGTfc,33
14,Ariana Grande,positions,35mvY5S1H3J2QZyna3TFe0,93
15,Armin van Buuren,"A State Of Trance (ASOT 995) - ASOT Tune Of The Year 2020 voting now open: vote.astateoftrance.com, Pt. 1",3BhzJoBiQ227D912eRPhuQ,22
16,Pop Smoke,For The Night (feat. Lil Baby & DaBaby),0PvFJmanyNQMseIFrU708S,89
17,Hammock,Cruel Sparks - 2020,6cdsSC7BN7taFurOlOu2xI,32
18,Pop Smoke,What You Know Bout Love,1tkg4EHVoqnhR6iFEXb60y,91
19,Armin van Buuren,"A State Of Trance (ASOT 995) - ASOT Tune Of The Year 2020 voting now open: vote.astateoftrance.com, Pt. 2",1bJG34rBXF6dtTMpgQyAPE,22
20,Billie Eilish,Therefore I Am,54bFM56PmE4YLRnqpW6Tha,91
21,Hammock,"Lonely, Some Quietly Wander in the Hall of Stars - 2020",6BcrKXMK65zFJg7nqTAz0f,33
22,Drake,Laugh Now Cry Later (feat. Lil Durk),2SAqBLGA283SUiwJ3xOUVI,87
23,Armin van Buuren,"A State Of Trance (ASOT 995) - ASOT Tune Of The Year 2020 voting now open: vote.astateoftrance.com, Pt. 3",44b9NSmpDxEHDV3PBca9T1,22
24,Cardi B,WAP (feat. Megan Thee Stallion),4Oun2ylbjFKMPTiaSbbCih,89
25,ALPHA 9,Everywhere I Go (Mixed),0Qbl6El7iRVHhL8Hnr9gIS,42
26,Juice WRLD,Wishing Well,2U5WueTLIK5WJLD7mvDODv,87
27,Armin van Buuren,"A State Of Trance (ASOT 995) - Tune Of The Year 2020 Special Episode, Pt. 1",0E6JG0zasoAzGWM6uf53mr,20
28,Dua Lipa,Levitating (feat. DaBaby),463CkQjx2Zk1yXoBuierM9,89
29,Johann Strauss II,"An der schönen blauen Donau, Walzer, Op. 314",5431KRbZtVF3tVgMR1lIYS,40
30,Tate McRae,you broke me first,45bE4HXI0AwGZXfZtMp8JR,91
31,Armin van Buuren,"A State Of Trance (ASOT 994) - ASOT Tune Of The Year 2020 voting now open: vote.astateoftrance.com, Pt. 1",3tGDk2LUBujuY52fvT8vax,20
32,Megan Thee Stallion,Body,0A1hoCfMLkiAgvhWkkucJa,85
33,The Glitch Mob,Animus Vox - 2020 Remaster,3L1iZJUXiAcUvDhIIi3KAq,30
34,Machine Gun Kelly,my ex's best friend (with blackbear),7kDUspsoYfLkWnZR7qwHZl,86
35,Armin van Buuren,"A State Of Trance (ASOT 994) - ASOT Tune Of The Year 2020 voting now open: vote.astateoftrance.com, Pt. 2",53ajwl5PS1BgR0UJZYdrtf,20
36,Bad Bunny,DÁKITI,47EiUVwUp4C9fGccaPuUCS,93
37,Jai Wolf,Indian Summer - 2020 Encore Mix,4Baa1yEJu3DXUosUZKVmcw,26
38,DaBaby,ROCKSTAR (feat. Roddy Ricch),7ytR5pFWmSjzHJIeQkgog4,89
39,Armin van Buuren,"A State Of Trance (ASOT 994) - ASOT Tune Of The Year 2020 voting now open: vote.astateoftrance.com, Pt. 3",0hxNCO70HfA25Vi3fv7J7f,20
40,Conan Gray,Heather,4xqrdfXkTW4T0RauPLv3WA,89
41,Maor Levi,One Love (Mixed),7zvzNcr3ZbTEaIBzwybD30,41
42,Lil Nas X,HOLIDAY,6zFMeegAMYQo0mt8rXtrli,89
43,Armin van Buuren,"A State Of Trance (ASOT 993) - ASOT Tune Of The Year 2020 voting now open: vote.astateoftrance.com, Pt. 1",4m9wZAb0wtNjjSCosCLVCd,17
44,Polo G,Martin & Gina,1VLtjHwRWOVJiE5Py7JxoQ,84
45,Above & Beyond,Diving Out Of Love (Mixed),2a7WAcMrobuByUvHwCAFDV,41
46,Pop Smoke,Hello (feat. A Boogie Wit da Hoodie),2r6OAV3WsYtXuXjvJ1lIDi,86
47,Armin van Buuren,"A State Of Trance (ASOT 993) - ASOT Tune Of The Year 2020 voting now open: vote.astateoftrance.com, Pt. 2",6mmttSQV7qJX80VGgFCOzV,17
48,Lil Baby,On Me,4Iedi94TIaB2GGb1nMB68v,82
49,David Gray,This Year's Love - 2020 Remaster,2raGOq0p2PXrWJnWXSBFaC,32
50,Internet Money,Lemonade,02kDW379Yfd5PzW5A6vuGt,88
51,Armin van Buuren,"A State Of Trance (ASOT 995) - Tune Of The Year 2020 Special Episode, Pt. 2",57sf9Qm0AXh2AA72tQbwjm,19
52,Megan Thee Stallion,Cry Baby (feat. DaBaby),4aarlAfLKVCTxUDNgbwhjH,82
53,i_o,In My Head (Part II) [Mixed],25WmdbWnEBMpHwOR9Kgt0x,41
54,Juice WRLD,Come & Go (with Marshmello),2Y0wPrPQBrGhoLn14xRYCG,84
55,Year 200X,Ducktales (the Moon),1xQvPFljQXA3GCK869ERvC,21
56,AJR,Bang!,53BHUFdQphHiZUUG3nx9zn,78
57,Elysian,Beyond The Comfort Zone (Mixed),5LvfgyTDNtQG0vJaClqnku,42
58,Taylor Swift,willow,0lx2cLdOt3piJbcaXIV74f,86
59,Year 200X,Zelda II (Title - Battle - Fairy - Palace),4gpjBYc0lAkhYnmnfMeq4g,18
60,Jack Harlow,Tyler Herro,4DuUwzP4ALMqpquHU0ltAB,82
61,The Glitch Mob,Between Two Points (feat. Swan) - 2020 Remaster,0sfly5zhJJhfoLbcCMmiRB,30
62,21 Savage,Runnin,5SWnsxjhdcEDc7LJjq9UHk,82
63,Year 200X,Ghosts N Goblins,2pZDhsmGRSkRgWNfkDr70S,19
64,Jack Harlow,"WHATS POPPIN (feat. DaBaby, Tory Lanez & Lil Wayne) - Remix",2MbdDtCv5LUVjYy9RuGTgC,83
65,Assaf,Lost At Sea (Mixed),2Ognsk10gP8d9FLq0P4Yfv,42
66,Ritt Momney,Put Your Records On,6AGOKlMZWLCaEJGnaROtF9,86
67,Year 200X,Castlevania III (the Beginning),7GlixhQpXo76vgALqoJ3L5,17
68,Justin Bieber,Lonely (with benny blanco),4y4spB9m0Q6026KfkAvy9Q,89
69,Gareth Emery,Welcome To Your Life (Mixed) - Jeremy Vancaulart Remix,3SbAyi5iuMgv3OItVwwH22,41
70,Justin Bieber,Holy (feat. Chance The Rapper),5u1n1kITHCxxp8twBcZxWy,88
71,Stray Hollows,This Year 2020,49Iq8iqliYEAJSWV4bRsix,0
72,Powfu,death bed (coffee for your head),7eJMfftS33KTjuF7lTsMCx,87
73,Armin van Buuren,Illusion (Mixed),3rDk8lYqrRpnU1PsgVZ7I0,42
74,Brent Faiyaz,Dead Man Walking,5VlTQnZO89Ioku8ssdbqJk,82
75,Mu6ix,Uninstall The Year 2020,0Lx9lSCfAJ3G2vXs9f0uqw,0
76,Bad Bunny,LA NOCHE DE ANOCHE,2XIc1pqjXV3Cr2BQUGNBck,92
77,Luke Bond,Walk Away (Mixed),5BXE7i3fePaWhb2AqyczFJ,41
78,Pooh Shiesty,Back In Blood (feat. Lil Durk),7JuHVG3qQKQKxC4doneXVW,79
79,Mulimisi Uncle Jim,Year 2020,2jJUf9wPwOKvbgiZCRkthd,0
80,CORPSE,E-GIRLS ARE RUINING MY LIFE!,7bCfHiRcfUjG0YVVNUL7Ve,83
81,The Glitch Mob,Bad Wings - 2020 Remaster,6kM8GtByUt4KYN9MqGpCis,28
82,Juice WRLD,Reminds Me Of You,5YSHygGN9D0mID1NsVd5my,83
83,Gareth Emery,Yesterday (Mixed),5i4RJyVoid4zsJvx5fuuRL,42
84,DaBaby,PRACTICE,4Z5FyQlevoHoa5FsIVKZju,80
85,Steve Brian,Jupiter Boulevard (Mixed) - Taylor Torrence Remix,5cYN3eCrVvWlhZqs9NRPUD,41
86,DJ Khaled,POPSTAR (feat. Drake),6EDO9iiTtwNv6waLwa1UUq,85
87,The Glitch Mob,Fortune Days - 2020 Remaster,5GWHujc41JAjaiH6gcCjgu,28
88,blackbear,hot girl bummer,2mt1IqcFyY1zmYZT8Q3xw9,84
89,Super8 & Tab,Live For Tonight (Mixed),0csXeqgGVCYvWp6RTSjdRP,41
90,Luke Combs,Forever After All,6IBcOGPsniK3Pso1wHIhew,79
91,Above & Beyond,Blue Monday (Mixed),0xXps70H7LUN5So6Nrkfvq,41
92,Future,Drankin N Smokin,0k7wmahjkn389wAZdz19Cv,81
93,Solarstone,Seven Cities (Mixed) - Tom Staar Remix,264t4HJzvQkMhSYb9y9j2m,41
94,Shawn Mendes,Monster (Shawn Mendes & Justin Bieber),2Z8yfpFX0ZMavHkcIeHiO1,88
95,Above & Beyond,Reverie (Mixed) - Above & Beyond Club Mix,480kTu57MGkhmbncAKyaYi,40
96,DDG,Moonwalking in Calabasas (feat. Blueface) - Remix,7o4gBbTM6UBLkOYPw9xMCz,81
97,Omnia,Generation (Mixed),4ZRqvqByjnjabaHC4P1CJ8,40
98,Internet Money,"Lemonade (feat. Gunna, Don Toliver & NAV)",7hxHWCCAIIxFLCzvDgnQHX,86
99,Armin van Buuren,All On Me (Mixed),5JMp6MjsUcYz4Mp2avWIhA,41
100,21 Savage,Mr. Right Now (feat. Drake),4Q34FP1AT7GEl9oLgNtiWj,80
101,Elysian,Water (Mixed),01IV32KUgfMLJisLLqBNAF,41
102,BTS,Dynamite,4saklk6nie3yiGePpBwUoc,90
103,Armin van Buuren,Punisher (Mixed),2PDMMyWwfYK6sKNyNjV9I7,41
104,Pop Smoke,Mood Swings (feat. Lil Tjay),5rZlwNFl01HqLWBQGryKSm,85
105,Armin van Buuren,The Voice (Mixed),0avB9GZipXo1OaxKMsmWqH,42
106,Polo G,21,3JKgcAa7r07ocVWcV8bS0H,81
107,BT,No Warning Lights (Mixed) - ALPHA 9 Remix,4AZM3eVkKsLJ0Oi0XdtWQI,40
108,The Kid LAROI,GO (feat. Juice WRLD),2rPHUAeUPbNgTmK18FPTiZ,81
109,Chilled Cat,Winter Night on New Years Eve,639pj50r7i2uFzZ4BJhk4y,29
110,Juice WRLD,Righteous,5dOxHHMOFAbG3VH23t0xNm,81
111,3LAU,Tokyo (Mixed) - Fatum Remix,2p5JsppxcUKlsVX6UkycAt,41
112,KAROL G,BICHOTA,7vrJn5hDSXRmdXoR30KgF1,93
113,Genix,Zuul (Mixed),07ygt0S6ZmrCkTkeryuZMo,41
114,MEDUZA,Paradise (feat. Dermot Kennedy),6ft4hAq6yde8jPZY2i5zLr,90
115,Alex Sonata & TheRio,Awakening (Mixed),6S7tShkCrPrXu8NfPzmWCZ,41
116,Kid Cudi,Tequila Shots,30KctD1WsHKTIYczXjip5a,80
117,Maryn,Dawn (Mixed),5PDi4cEm6L1fAadHXPcLNF,41
118,Taylor Swift,champagne problems,0sY6ZUTh4yoctD8VIXz339,82
119,Scorz,Come To Life (Mixed),4xZLHEwMJHI7EmTUaIfFYI,41
120,Ariana Grande,pov,3UoULw70kMsiVXxW0L3A33,83
121,Armin van Buuren,Tarzan (Mixed),68MN1r0IVeLRXi65i5laM7,41
122,Don Toliver,After Party,527k23H0A4Q0UJN3vGs0Da,82
123,Sleepy Fish,Backyard Puddles,3qM0FihhHgdzhIWAxavBJV,32
124,Juice WRLD,Hate The Other Side (with Marshmello & The Kid Laroi),0ada5XsQGLPUVbmTCkAP49,81
125,Assaf,Lost Souls (Mixed) - AVIRA Remix,4uYyx2Vz7GKaSouXVTO33i,40
126,Eminem,Godzilla (feat. Juice WRLD),7FIWs0pqAYbP91WWM0vlTQ,84
127,STANDERWICK,What About Us (Mixed),5KHiOrhY1VQJejYXVBAPCJ,40
128,Lil Mosey,Blueberry Faygo,6wJYhPfqk3KGhHRG76WzOh,82
129,Armin van Buuren,A State Of Trance Year Mix 2020 (Mixed) - Intro: What Is Out There?,32EepqLfVjRC1oLMlPhiAA,36
130,Lil Durk,Still Trappin' (with King Von),43BlKpJcSrC9AsJ3F1DKg9,78
131,MaRLo,Say Hello (Mixed),1e2Moh5Z3gbHeVoE9hiNLf,40
132,Tiësto,The Business,6f3Slt0GbA2bPZlz0aIFXN,92
133,Armin van Buuren,In And Out Of Love (Mixed) - ilan Bluestone & Maor Levi Remix,4OOlVuBsYMUSB6W1uTVkH8,40
134,Kane Brown,Be Like That - feat. Swae Lee & Khalid,5f1joOtoMeyppIcJGZQvqJ,81
135,Hammock,EveryWhen - Bonus Track,3v4HyLyywyXEVoLZd73cV1,33
136,Noah Cyrus,July,6J2LdBN97cDWn0MLxYh9HB,82
137,ReOrder,After Tomorrow (Mixed),5HoChp62G52HrIb0LWoiQ3,39
138,Giveon,HEARTBREAK ANNIVERSARY,3FAJ6O0NOHQV8Mc5Ri6ENp,83
139,Andrew Rayel,Everything Everything (Mixed),3jyGg95jndX8h1ShL6ydaK,40
140,carolesdaughter,Violent,7CFfqRW50ffULvBv7lfIIg,82
141,Armin van Buuren,Mask (Mixed),1Q5SYfHwo8zzlYAHHYMX6U,40
142,SZA,Hit Different,7Bar1kLTmsRmH6FCKKMEyU,80
143,Armin van Buuren,Hollow (Mixed),6AegTL0xgC4hIIfoWFfYwY,39
144,Lil Baby,We Paid (feat. 42 Dugg),6gxKUmycQX7uyMwJcweFjp,79
145,Orjan Nilsen,Sankthansaften (Mixed),0YCmgRAZRjuuG58QfWozsQ,40
146,Jack Harlow,WHATS POPPIN,1jaTQ3nqY3oAAYyCTbIvnM,82
147,Markus Schulz,Sunrise Over The Bay (Mixed),5tIBKsbfJoMaYmTvszbgS7,39
148,Morgan Wallen,Somebody’s Problem,0SErdEdRcVX1uJCf1eTGYH,77
149,Armin van Buuren,Need You Now (Mixed),6sEF9scI0D2LeEvuY0hGvR,38
150,Future,Life Is Good (feat. Drake),5yY9lUy8nbvjM1Uyo1Uqoc,83
151,Mark Sixma,Never Forgotten (Mixed),6FaYJGJprxFcEfgJWKX1S2,39
152,Conan Gray,Maniac,6KfoDhO4XUWSbnyKjNp9c4,84
153,Paul van Dyk,Covered In Gold (Mixed) - PvD Extended Club Mix,1QKGzdXiBhbJ1IjmZw7YXT,39
154,Jack Harlow,Way Out (feat. Big Sean),6rLi6PyWXu1rPlShuIZpj6,79
155,Rodg,Crossroads (Mixed),5jLjqxtK1M3HiXG6PnBj6M,39
156,Lil Baby,Errbody,6eVxH9Kyanzrw636zJRPcw,78
157,The Glitch Mob,Drive It Like You Stole It - 2020 Remaster,1h0LR3X6LD19canA3cHDCO,27
158,Bad Bunny,DÁKITI,4MzXwWMhyBbmu6hOcLVD49,89
159,Taylor Torrence,If We Say Goodbye (Mixed),50F61Gbser6ucNbmCYaC9b,39
160,Sara Kays,Remember That Night?,1nYzjrdVQ8RpF93M0jPFW7,83
161,NWYR,Heart Eyes (Mixed),5yYQ0wqZ3LK63jyr60imkL,39
162,Bad Bunny,TE MUDASTE,5RubKOuDoPn5Kj5TLVxSxY,88
163,The Glitch Mob,A Dream Within A Dream - 2020 Remaster,2DW7QEmiAiumhYAQURtLAq,27
164,King Von,Took Her To The O,7fEoXCZTZFosUFvFQg1BmW,78
165,ARTY,Who Am I (Mixed),1gVDOnfkdaPI6d6JkQUvNl,38
166,Ty Dolla $ign,Spicy (feat. Post Malone),5IUtvfNvOyVYZUa6AJFrnP,82
167,GXD,Sail (Mixed),2fNhqbI5wDYyqiHcYc0GZD,39
168,G Herbo,PTSD,3jT2LKH0RSbQ8jIUNFzXm5,79
169,Armin van Buuren,Let The Music Guide You (ASOT 950 Anthem) [Mixed] - Beatsole Remix,5HluQkQ3fy3yXqoAvZFNcX,39
170,Maluma,Hawái - Remix,0GzuHFG4Ql6DoyxFRnIk3F,85
171,The Glitch Mob,How To Be Eaten By A Woman - 2020 Remaster,5boDsGpqH3Tb8QqN6yA4im,27
172,The Kid LAROI,SO DONE,5psEZhQu6lukjhavJo4AbC,82
173,Armin van Buuren,I Need You To Know (Mixed),17EfGz0KhnCSBccqWa2oNh,37
174,Big Sean,Wolves (feat. Post Malone),33gwZOGJWEZ7dRWPqPxBEZ,80
175,Ferry Corsten,Punk (Mixed) - Tom Staar Remix,4P9JXZOmZh8RENB3RGoubv,38
176,BTS,Life Goes On,249gnXrbfmV8NG6jTEMSwD,88
177,Cosmic Gate,The Launch (Mixed),6QjyYaDF4y0ZaAoSKRQWdc,38
178,Miley Cyrus,Prisoner (feat. Dua Lipa),5JqZ3oqF00jkT81foAFvqg,87
179,Greg Sletteland,2020 (Sexy Miami Tech House Party Crossfit Workout Hits DJ Club Remix),4vta0vIJM7y57KH3O1lE6l,23
180,Wilbur Soot,Your New Boyfriend,4vLBnQtece15fFhqWxZvJP,81
181,Cosmic Gate,Your Mind (Mixed),0a0uD9J1NIr1Rjlr8m2mVR,38
182,Yung Gravy,oops!,7L6G0wpIUiPXuvoo7qhb06,79
183,Paul van Dyk,Awakening (Mixed),766pq0s5zRNShU2yTmnGGo,39
184,The Weeknd,In Your Eyes,7szuecWAPwGoV1e5vGu8tl,86
185,Matt Fax,Could This Be (Mixed),7oTw0wgfaNouT0pgYzNpZ7,38
186,Ashnikko,Daisy,0AUvWawuP0ibk4SQ3sIZjk,83
187,The Glitch Mob,Fistful of Silence - 2020 Remaster,5Ypzq28Nc4sx115bAvfeOt,26
188,Pop Smoke,The Woo (feat. 50 Cent & Roddy Ricch),1H7KnK26kc1YyellpbINEn,82
189,Protoculture,Go (Mixed),7z0qcacB2xNawgBMwilsp3,38
190,Drake,Chicago Freestyle (feat. Giveon),4wVOKKEHUJxHCFFNUWDn0B,81
191,The Glitch Mob,We Swarm - 2020 Remaster,0Hn5QyztsQH1iL8SCnJlJu,25
192,Polo G,Flex (feat. Juice WRLD),2QqJTIlGKRLJC3onkavYEz,79
193,Kasablanca,Alive (Mixed),38cYw4rSytP7hrS5MllyMK,38
194,THE SCOTTS,THE SCOTTS,39Yp9wwQiSRIDOvrVg7mbk,83
195,Gareth Emery,You'll Be OK (Mixed),0WPH9dl0YaSn9tDhhUxCmX,38
196,Glass Animals,Heat Waves,3USxtqRwSYz57Ewm6wWRMp,81
197,Roger Shah,Take Me Back (Mixed),3ewBEP0gF3Z2N0ygJBt08H,38
198,Ed Sheeran,Afterglow,0E4Y1XIbs8GrAT1YqVy6dq,89
199,Lifelike,Discopolis 2.0 (Mixed) - MEDUZA Remix,2HVK3XXyE5AvvwQ6bo0WYG,38
200,Gunna,DOLLAZ ON MY HEAD (feat. Young Thug),3nS9a01VvXHQriLqJYwRqG,79
201,Super8 & Tab,Rooftops (Mixed) - Maarten de Jong Remix,6SF3QICKyvKLO4ap7BwahD,37
202,Black Eyed Peas,GIRL LIKE ME,1zLBsSVxETQOfINOLYvT5m,87
203,Ferry Corsten,Mo Chara (Mixed),3QJmLqrZKeUShtvtxshJQZ,38
204,Myke Towers,Bandido,1xK1Gg9SxG8fy2Ya373oqb,93
205,Ilan Bluestone,Hypnotized (Mixed),5ajOEE54ZCxW01j1jIsi9u,38
206,Kid Cudi,Show Out (with Skepta & Pop Smoke),5CFJRZRq6sdKKtRwNPWbYv,81
207,The Glitch Mob,"Starve The Ego, Feed The Soul - 2020 Remaster",6Cat51fsEsJ6rBx4tJJUof,25
208,Gabby Barrett,I Hope,23T0OX7QOiIUFShSzbJ5Uo,78
209,Armin van Buuren,This I Vow (Mixed),4Qj3qPRGxbHvs1hzHMJbEh,38
210,Playboi Carti,Sky,29TPjc8wxfz4XMn21O7VsZ,78
211,James Dymond,What Have I Got To Lose (Mixed),1mJX0fmQYAX9anOR8UmGjR,38
212,SAINt JHN,Roses - Imanbek Remix,0zLCBJZSiELJf02ucPP9wb,74
213,Ferry Corsten,Our Moon (Mixed),7A51eehZ4TdEpUcDI63M6H,37
214,YoungBoy Never Broke Again,Kacey Talk,1SF8piqsZWn86DajVKih8F,77
215,Alexander Popov,Nothing Is Over (Mixed) - Roman Messer Remix,5FxAWuM1qc1MV5m1sGg26F,38
216,Yung Bleu,You’re Mines Still (feat. Drake),7E2C5rBLpCKwQlhJPVFBRS,79
217,Jorn Van Deynhoven,I Need Your Lovin' (Like The Sunshine) [Mixed],7wQDhSajsL9AqyWHDEvA1P,38
218,The Kid LAROI,"F*CK YOU, GOODBYE (feat. Machine Gun Kelly)",0DYNL4xbYWgNzppUamtyR4,80
219,Ciaran McAuley,Our Journey (TFSFX Anthem) [Mixed],1mvvfNIPRree8SzeKwop8s,37
220,Popp Hunna,Adderall (Corvette Corvette) - Remix,2Y3USTCETS4xbjJOzT1Icm,77
221,Layla Foster,A Thousand Years,3XkFwZGu3YKZDNKD65mnrr,28
222,Machine Gun Kelly,forget me too (feat. Halsey),1VSuFS7PahCN3SWbOcQ98m,79
223,Roman Messer,Dancing In The Dark (Mixed) - Alex M.O.R.P.H. Remix,2XasfevTT8oeReTshzt4Xv,37
224,The Weeknd,Heartless,6bnF93Rx87YqUBLSgjiMU8,80
225,Jase Thirlwall,Drowning (Mixed),1TXAEjWLLFR6XOsYWDAIG5,37
226,YNW Melly,Suicidal (Remix) [feat. Juice WRLD],4S2uhQE8L9V6p7rj7SiauJ,79
227,ReOrder,We Are The World (Mixed),7LELhHGoqG68qCtBy7cXYE,37
228,Jawsh 685,Savage Love (Laxed - Siren Beat),1xQ6trAsedVPCdbtDAmk0c,86
229,Andrew Rayel,Never Going Down (Mixed) - Richard Durand Remix,7yfj980SINhVpTBiQjOh9Y,37
230,The Kid LAROI,ALWAYS DO,3QCU8BT0zDS9LPVfEhRFEE,80
231,Dj T.H.,Leonie (Mixed) - Beatsole Remix,58sdvF8byaqP0DZ3D6IN3M,37
232,Pop Smoke,Got It On Me,25zlnOAzbVoOzIeXSvQFf1,80
233,Armin van Buuren,A State Of Trance Year Mix 2020 (Mixed) - Road To 1000 - Outro,20SVXjKX2ieAWba04Y1ogp,30
234,Ariana Grande,Stuck with U (with Justin Bieber),4HBZA5flZLE435QTztThqH,85
235,Craig Connelly,All For Love (Mixed) - Giuseppe Ottaviani Remix,09wxSxAi0WlO4z1MSQ4kmu,37
236,Glass Animals,Heat Waves,6CDzDgIUqeDY5g8ujExx2f,80
237,Davey Asprey,Oblivion (Mixed),0ouOsV3aLbdVBJwcLFXEhF,37
238,Lil Uzi Vert,Myron,56uXDJRCuoS7abX3SkzHKQ,78
239,Aly & Fila,Wasteland (with James Dymond) [Mixed],5pjLKxr5RlnLI870TzeOCy,37
240,Juice WRLD,Conversations,4K06PO78fW4mnBVenxGNob,78
241,No Spirit,It’s Been A Year,3YYni1jodOmekz697cuwhl,22
242,Machine Gun Kelly,bloody valentine,6mADjHs6FXdroPzEGW6KVJ,79
243,Giuseppe Ottaviani,I Believe (Mixed),3aVHcynJPIdHMWdpOCd1a7,36
244,Taylor Swift,cardigan,4R2kfaDFhslZEMJqAFNpdd,81
245,Robbie Seed,My Remedy (Mixed),6sJtKzKSvGCzjO6Ror5aPL,36
246,Giveon,LIKE I WANT YOU,6qBFSepqLCuh5tehehc1bd,78
247,Ciaran McAuley,Daring To Love (Mixed),5xkBuxk7FmxNCkwzsGqXC6,36
248,Marshmello,Be Kind (with Halsey),3Z8FwOEN59mRMxDCtb8N0A,83
249,Factor B,Bravo (Mixed),0KotSXVYLp98BWAEiWooSi,36
250,Jason Derulo,Take You Dancing,59qrUpoplZxbIZxk6X0Bm3,87
251,Philippe El Sisi,The Phoenix (FSOE 650 Anthem) [Mixed],44RvSbN0KsreQP41JTnTda,36
252,DUSTY LOCANE,ROLLIN N CONTROLLIN FREESTYLE,1xqRKo0SDFDO5Jy8yEVD0X,79
253,Alessandra Roncone,What Makes You Feel Alive (Mixed),4QtlPS8UuKkBaATUVVn15a,36
254,The Kid LAROI,TRAGIC (feat. Youngboy Never Broke Again & Internet Money),13EW51DKru044OJDJ9Bm8o,78
255,HALIENE,Walk Through Walls (Mixed) - Markus Schulz Remix,5Tuo7Zc8r8ITLMwKzTOmVu,36
256,DJ Khaled,GREECE (feat. Drake),35RJhm1pEovTBwnNR0zWad,82
257,Soulwax,NY Lipps - Dries Van Noten 2020 Remix,3E3IUPXd3EovxCo5mcRQtW,32
258,347aidan,Dancing in My Room,6Pgmqg15yVexuOgtzuxwoX,83
259,Elevven,One Last Time (Mixed) - Roman Messer Remix,2MwIeH57FmdRIoyxBczng0,35
260,Morgan Wallen,Still Goin Down,096YtKWNRXdmYKFLelSBto,74
261,Matys,Silent Waves (Mixed) - Vinny DeGeorge Remix,2tFVmk5lGliEqfULF9zPKG,36
262,Shawn Mendes,Wonder,5KCbr5ndeby4y4ggthdiAb,84
263,Allen Watts,Another You (Mixed),04PsH83LNB46Oo33hzPvtv,36
264,Diplo,Heartless (feat. Morgan Wallen),3FU6urUVsgXa6RBuV2PdRk,75
265,Craig Connelly,Time Machine (Mixed),0MbIwfFvlLpK2yW6w3kmbd,36
266,Pop Smoke,Element,57BGVV6wcyhbn3hsjlqEZB,80
267,Aly & Fila,Somebody Loves You (Mixed),3X0Z0bewbCs8FYry04379l,35
268,Juice WRLD,Smile (with The Weeknd),6wQlQrTY5mVS8EGaFZVwVF,79
269,Giuseppe Ottaviani,Till We Meet Again (Mixed),6ScyathLctdgNtqrHFpJ25,35
270,J Balvin,UN DIA (ONE DAY) (Feat. Tainy),0EhpEsp4L0oRGM0vmeaN5e,87
271,Andrew Rayel,Stars Collide (Mixed),5EIfMp3WDoGn5SL8fF8NUF,35
272,Lil Mosey,Blueberry Faygo,22LAwLoDA5b4AaGSkg6bKW,81
273,Jorn Van Deynhoven,Waiting On The Other Side (Mixed) - Club Mix,37Cfvau7AJ3Aj7H3zsX6qo,35
274,Taylor Swift,gold rush,5BK0uqwY9DNfZ630STAEaq,78
275,Ruben de Ronde,Wanderlust (Mixed) - Eugenio Tokarev Remix,6D7vBlmjLq1oMqSqqc43wp,35
276,Joel Corry,Head & Heart (feat. MNEK),6cx06DFPPHchuUAcTxznu9,89
277,Brad Mehldau,VIII. yearning,2JLAr5J7fP4IsRtx9cLkWN,25
278,Polo G,Go Stupid,4PklAHGXT5ityno3IA8SKd,76
279,Graham Bell,The Sound Of Letting Go (Tribute To Yotam) [Mixed],0a2hPYweMJBKCByEHjZN94,35
280,Alexander 23,IDK You Yet,47EWMOElkkbMp5m9SBkx7d,81
281,Nicholas Gunn,Fallen (Mixed) - Richard Durand Remix,3dxWdu9XWJcK81XnU8m4CS,35
282,Penelope Scott,Rät,25z6kpmIwkCUqk2IORrJ5v,78
283,Simon Patterson,Close My Eyes (Mixed),45urCkpNGy4NOMo3pswqUX,34
284,Dan + Shay,I Should Probably Go To Bed,5ovVcYo2MvjVydFwFyaaqy,75
285,David Forbes,Splice (Mixed),50ZLhEMiYXIkqWuKU24hmg,35
286,Don Toliver,No Idea,7AzlLxHn24DxjgQX73F9fU,81
287,Giuseppe Ottaviani,Only A Heartbeat Away (Mixed),27P3PBXUrWdTguESA9yytx,34
288,Saweetie,Back to the Streets (feat. Jhené Aiko),3MEruRteiUZXkStfTlZqRn,76
289,Sam Durham,2020: A Year to Remember,07HgG3K510Tji09V7a6sg4,24
290,Taylor Swift,exile (feat. Bon Iver),4pvb0WLRcMtbPGmtejJJ6y,80
291,Christmas 2020 Hits,It's the Most Wonderful Time of the Year (Trap Remix),6l8cR3qGvQ8RGWk2F20AI5,22
292,Dua Lipa,Levitating (feat. DaBaby),5nujrmhLynf4yMoMtj8AQF,84
293,Will Atkinson,Telescope (Mixed),0hWYf0EUwzEH9RY8sji6hr,34
294,Saweetie,Tap In,4Hpib09wXgD84w4uwTPnYD,78
295,Buju Banton,400 Years,1XvmMoTPgM5U2N1bfJcxoO,23
296,Vedo,You Got It,4lsHZ92XCFOQfzJFBTluk8,81
297,Allen Watts,Skyline (Mixed),4H5sKoc66EzGdJ4LG1cx1f,34
298,StaySolidRocky,Party Girl,5RqR4ZCCKJDcBLIn4sih9l,80
299,Ashley Wallbridge,Still Alive (Mixed),3DCkBByBVmERY3u26Ewy85,34
300,Lee Brice,One Of Them Girls,14GwnOeC9qYEKEA6uOZepa,74
301,Bambi,forget 2020,7pdwhaVKDf9AiVptcjk4n6,23
302,Juice WRLD,Stay High,21CkzgKCBCq5V4XKjiGSIj,77
303,Chicane,Don't Give Up (Mixed) - Giuseppe Ottaviani Remix,3klyFzvCwEdRCtXdMU8Hjg,34
304,Juice WRLD,Life's A Mess (feat. Halsey),5wWAwzGp2OaaoIkwcz6wZs,78
305,Ronski Speed,Downfall (Mixed),5GvsLHMdRwwdkE1gw19eWN,34
306,Juice WRLD,Blood On My Jeans,0fCwrjKfWxF3xQhZrYUw4T,76
307,The Distillers,The Blackest Years - 2020 Remaster,1uXbBsJ14Uni9zqWgC7hgk,22
308,Bad Bunny,BOOKER T,26w9NTiE9NGjW1ZvIOd1So,84
309,Giuseppe Ottaviani,Morpheus (Mixed),5nJ7YU7dQYiCHGHgqRrRUz,34
310,Chris Stapleton,Starting Over,3TNSVsiFngfe68UJpMq1oS,75
311,Greg Sletteland,DJ's Party on Sunset Boulevard Living the Hollywood Life (Electronic Dance Music Festival Hits Remix),5WtaYsqxQ9nUszMKhrCZno,23
312,Rod Wave,Rags2Riches 2 (feat. Lil Baby),0qJeyYAgv6UpvewUxRXAhb,75
313,Saltwater,The Legacy (Mixed) - ReOrder Remix,11PeddJQPo4ER4yRyBc5Ow,34
314,Lil Durk,3 Headed Goat (feat. Lil Baby & Polo G),2h4cmbyb6S7e8igDZIITJU,75
315,Allen Watts,The Phuture (Mixed),2Nqf15P2TPMg8vSEFQwsb4,34
316,Juice WRLD,Real Shit (with benny blanco),3uVPLtkmDu8pDkYEAVqbgS,78
317,Greg Sletteland,Drop the Bass DJ (Melbourne Bounce Shuffle Cutting Shapes Hits Remix),4GpQ8LHpAwpwFQKWtmkeBG,23
318,Miley Cyrus,Prisoner (feat. Dua Lipa),2Oycxb8QbPkpHTo8ZrmG0B,83
319,Greg Sletteland,Feeling It Feel It DJ (Jakarta Electronic Dance Music Festival Hits Remix),6xsohTVL2NviYJJiOjwbB0,23
320,Erica Banks,Buss It,78xj07VVFK5uHTaGPIu13S,78
321,Greg Sletteland,"More Love, Techno, & Rave DJ (Amsterdam Electronic Dance Music Festival Hits Radio Version)",389AuKbCi6WM3H4RtLQ1MJ,23
322,NAV,Don't Need Friends (feat. Lil Baby),4x3mum2YGHtIBrgUKiNt4F,75
323,Greg Sletteland,The Sign (NYC Deep House Party Crossfit Workout Hits DJ Club Remix),2P3MdLsPyIANfRHmG399O4,23
324,Taylor Swift,"no body, no crime (feat. HAIM)",3RaT22zZsxVYxxKR7TAaYF,78
325,Greg Sletteland,Gravity Pulls Us Together Djs (Usa Deep House Party Crossfit Workout Hits DJ Club Remix),7FEtHxi32h47hNP2ERvjnb,23
326,Kim Dracula,Paparazzi,3rchFjeKZ0bJxO7EEdM3S5,81
327,Greg Sletteland,Rise Together DJ (Las Vegas Electronic Dance Music Festival Edm Hits Radio Version),7IjjojHPOX526CNxpicnR4,23
328,Pink Sweat$,At My Worst,0ri0Han4IRJhzvERHOZTMr,85
329,Greg Sletteland,Take Me Higher to Tomorrowland DJ (Electronic Dance Music Festival EDM Hits Club Remix),7qPTs2BmbdGJ8my1l8e9Tj,23
330,Jordan Davis,Almost Maybes,14JFKtBSqefxfMiKhq6JT8,74
331,Greg Sletteland,Welcome to Los Angeles (Electronic Dance Music Festival DJ Hits Remix),7ayJbUoDbRv1WdSL6Oz8jZ,23
332,Selena Gomez,Lose You To Love Me,4l0Mvzj72xxOpRrp6h8nHi,82
333,Greg Sletteland,Tell Me You Want Me DJ (Ktown Electronic Dance Music Festival DJ Hits Remix),5X7nP2lTCFyTHHoxAQJX1w,23
334,Miley Cyrus,Plastic Hearts,6qCsKKS7Ol63SJW3LOIX5R,79
335,Greg Sletteland,Reach in the Sky DJ (Favorite Progressive House EDM Crossfit Workout Hits DJ Club Remix),5O9ldsFiyUQHgGblXNb9tT,23
336,Ava Max,Kings & Queens,7a53HqqArd4b9NF4XAmlbI,83
337,Greg Sletteland,Exchange of Love (Los Angeles Late Night Dance Party EDM DJ Hits Club Remix),5EMFtx03txBCUhWo1Tfiic,23
338,YBN Nahmir,Opp Stoppa,1ogvLGGpa958nRTH1W9p2v,74
339,Greg Sletteland,After Party DJ (UK Progressive Trance Edm Gym Workout Hits Remix),7kdxjMyEAP06fyq5qMfEUk,23
340,Brent Faiyaz,Clouded,2J6OF7CkpdQGSfm1wdclqn,75
341,Anske,Reaching Up (Year in Review 2020),0Xw0fH0DU8A7J7KM9xEKxG,26
342,Tory Lanez,Broke In A Minute,4xqIYGwwZTEem9U8A42SPF,76
343,林德荣,祝你 Happy New Year,3IQy8kluoMsDsP7WtGWiUy,41
344,Sech,Relación - Remix,35UUpTmrcFXNIVIN26ujXl,88
345,Greg Sletteland,I Have a Dream (Deep House Dance Party Remix),1QD7KtRE3D1IUHhPsSRpz5,23
346,Doja Cat,Boss Bitch,78qd8dvwea0Gosb6Fe6j3k,82
347,Greg Sletteland,Can't Stop This Feeling (Deep House Dance Party Remix),0VoyCzfd4M5p23pu5HL1Vy,23
348,Manuel Turizo,La Nota,7ndTONDDRFGiPnnhOzOXxq,89
349,Greg Sletteland,Oh Baby Baby (Electronic Dance Party Remix),7puPB5ixFOkP7nYysVqCU1,23
350,Ariana Grande,motive (with Doja Cat),5GkQIP5mWPi4KZLLXeuFTT,79
351,Greg Sletteland,Light It Up (Chill Electronic Music Remix),6qRpJ9vJlSppO07xPJPv8k,23
352,Taylor Swift,the 1,0Jlcvv8IykzHaSmj49uNW8,77
353,Greg Sletteland,Baby You're One of a Kind (Chill Electronic Music Remix),1JjUJUycDSFvZK0iWGWFW9,23
354,Juice WRLD,Man Of The Year,7AvprzMsRJpybaalckaT8c,76
355,Greg Sletteland,Feel Love in the Music (Chill Electronic Music Remix),4iVUdetI0cQ4cOmuvGEyuA,23
356,Mac Miller,Good News,1DWZUa5Mzf2BwzpHtgbHPY,76
357,Greg Sletteland,I Can Feel the Love from You (Deep House Dance Party Remix),5uDdlGnNidP0iBOiWPhhPz,23
358,Jhené Aiko,B.S. (feat. H.E.R.),63wx9vdskaXbYxyDx4oJCZ,75
359,Greg Sletteland,Can We Take This to the Next Level (Fitness Workout Music Remix),3DkpThpq5Nos0vy1cCgQ4e,23
360,All Time Low,Monsters (feat. blackbear),0tyR7Bu9P086aWBFZ4QJoo,76
361,Greg Sletteland,Two Hearts All In (Deep House Dance Party Remix),3YheyJ5hmE5119nBnGCt9W,23
362,Trey Lewis,Dicked Down in Dallas,1yhft6ZqYadd4GOrKrmK3a,73
363,Greg Sletteland,One More Time Hands up Hollywood (Electronic Dance Party Remix),5LJ3F6BPFfwpjbzYQN2cIx,23
364,Niko Moon,GOOD TIME,5Kpg1A7BOHpBbaT3H3xqd3,73
365,Greg Sletteland,Lose My Defenses (Yoga & Pilates Chill Electronic Music Remix),2Gl0xdYcjTkMnqEm687VZB,23
366,Quinn XCII,Stay Next To Me (with Chelsea Cutler),6SGG5AxHShqSYiV9fCWpZz,75
367,Greg Sletteland,Let's Play (Deep House Dance Party Remix),4y3SXCuVXO8fj0BTSUzvy6,23
368,Yung Baby Tate,I Am (feat. Flo Milli),4E7ZbuJH3NddjnMWLstkRq,76
369,Greg Sletteland,Follow Me (Chill Electronic Music Remix),6LlzRIPofOK1QDVQOomrpo,23
370,Lil Uzi Vert,P2,3kW4z2pIj5VY5fLjBrMRL5,76
371,Greg Sletteland,I Just Want You Baby (Chill Electronic Music Remix),7CRAq7uALKmK3CDSMzpP39,23
372,The Weeknd,After Hours,2p8IUWQDrpjuFltbdgLOag,79
373,Greg Sletteland,Thinking About You (Chill Deep House Remix),20vk0FBPnnUXC4wjfMF9Zd,23
374,Billie Eilish,my future,2ygvZOXrIeVL4xZmAWJT2C,79
375,Greg Sletteland,All My Life (Chill Electronic Music Remix),3HFBPDn9PDxqjqLzaolPrw,23
376,Cole Swindell,Single Saturday Night,1irAliF0T8sLIOPJp6n7rU,73
377,Greg Sletteland,The DJ Played My Favorite Song (Deep House Dance Party Remix),01JYQhAS2nLXSdwVlB3nM7,23
378,Morgan Wallen,Livin’ The Dream,2L4YgbxxwmwafMqLIjSx8q,73
379,Greg Sletteland,My Body Is so into You (Deep House Dance Party Remix),6wccYNxf7oQlLj3hhBbIno,23
380,Bad Bunny,Safaera,2DEZmgHKAvm41k4J3R2E9Y,82
381,Greg Sletteland,Paradise Like Islands in the Sky (Deep House Dance Party Remix),56tHWxun34uJ4atMqfjUek,23
382,Taylor Swift,‘tis the damn season,7dW84mWkdWE5a6lFWxJCBG,76
383,Armin van Buuren,A State Of Trance (ASOT 997) - ASOT Year Mix 2020 Intro,3DUbOIxoX3QLWNHLTayWpS,26
384,24kGoldn,Coco (feat. DaBaby),2V6pjeOCuPBVlatcWTXUtP,80
385,AB6IX,CHANDELIER,2NQKN3x5Evk8xsOEqUBUjX,34
386,Morray,Quicksand,33HO2V42Tc6xE0SbCg6vBj,74
387,Armin van Buuren,A State Of Trance (ASOT 997) - Armin van Buuren Introducing ASOT Year Mix 2020,14NsacwHvVhumNa492xVX5,26
388,Polo G,Epidemic,170DNUSnQRp1tGpppF26pA,76
389,Florida Georgia Line,Lit This Year,2iKRHuowoeCtjsGe99ebdr,17
390,Jonas Brothers,What A Man Gotta Do,4wNIkl5XGiAACjFBlDWuSd,80
391,Workout Music ,Dance Monkey (Remix),3pdMC0tmADHu6jsZh6v5BD,31
392,Travis Scott,FRANCHISE (feat. Young Thug & M.I.A.),4jVBIpuOiMj1crqd8LoCrJ,79
393,Mellowhead,フラッシュバックモーニングアフター - 2020,0AqB0AlDS0Sym7XW8AyDf7,25
394,Future,That’s It,5n6gBhdEjCuj3obgCoTEFD,74
395,Nick Newman,Rising Sun - Mixed,38TVC5cRvyKEEp3MndwdFE,0
396,HVME,Goosebumps,20McUFi8KCIVdNDLrkTDuZ,88
397,Chinese New Year Collective,Qiu Hu Yue Yie,7MZjtQIzxaymQMTl5UGwJg,26
398,Boza,Hecha Pa' Mi,3VvA1wSxukMLsvXoXtlwWx,91
399,Years & Years,Breathe,4VEByNkzYJ8rPVtaDQbiU9,24
400,Megan Thee Stallion,Girls in the Hood,6WbTTAGKrQtCQvmc5BuYfh,75
401,"Joseph Hellmesberger, Jr.",Gavotte,6vexgDtC2T4CK8xeAf4k6N,28
402,NLE Choppa,Walk Em Down (feat. Roddy Ricch),4cSSL3YafYjM3yjgFO1vJg,76
403,Gareth Emery,You'll Be OK,6QfcL5rVYc0RqQ3UZX69kD,31
404,Chris Stapleton,You Should Probably Leave,2UikqkwBv7aIvlixeVXHWt,74
405,Aurosonic,Nothing Lasts (Mixed) - Progressive Mix,7IoN17iufwxAjLSMr08cpS,30
406,Giveon,Stuck On You,08HPWLi0YmRUStJzkQ1ffh,76
407,RandomBeats,Year In Gaming 2020,4IBRml6kr1Hz7Y6pewiA7T,11
408,Bad Bunny,HACIENDO QUE ME AMAS,26QApq0cuO9brJigr0C0W4,83
409,Armin van Buuren,"A State Of Trance (ASOT 996) - Previous Tunes Of The Year, Pt. 2",5QiX12U75aN8ZNB89yAVm3,25
410,Bad Bunny,Si Veo a Tu Mamá,41wtwzCZkXwpnakmwJ239F,81
411,Armin van Buuren,"A State Of Trance (ASOT 996) - Previous Tunes Of The Year, Pt. 1",7z3qtJlM6u3I9W2pDx5TBo,25
412,King Von,The Code (feat. Polo G),5NOUjBikzECEJyZMTxtErD,74
413,Liam Wilson,At That Point In Time - Mixed,5pJGhSJ1xfVJ22eDNWdjhb,28
414,Juice WRLD,Bad Energy,7d94IqWX2UmSKMGUYSGFJG,75
415,Leaving Laurel,sometimes it’s scary…but it’s still you and me - Mixed,0eZPeiMttWBveKreWHLjhI,24
416,Bad Bunny,Yo Perreo Sola,0SqqAgdovOE24BzxIClpjw,81
417,Workout Music ,Senorita (Remix),3AhAFvMHvMcREIQ4BnMNIf,27
418,$NOT,Mean,3PXi72ZtSqx1PZc40KS0Qj,76
419,Armin van Buuren,A State Of Trance (ASOT 997) - ASOT Year Mix 2020 Outro,1cCw0LOJjUvJkkKXGrvlsi,22
420,The Kid LAROI,Diva (feat. Lil Tecca),7gVwgc8b3XnO87TpmXXFA5,77
421,Armin van Buuren,A State Of Trance (ASOT 996) - ASOT Year Mix 2020 Contest,23UKUfVGGSVQw4aEbLlXuY,21
422,$NOT,GOSHA,0j8ppsOOawdPCJnSTcXgOy,76
423,Above & Beyond,Reverie - Above & Beyond Club Mix,1gULRv2VeyJJ0PRXoaydW6,30
424,Drake,Toosie Slide,127QTOFJsJQp5LbJbu3A1y,81
425,Armin van Buuren,A State Of Trance (ASOT 995) - A State Of Trance Year Mix 2020,5yEDqAo6IBPLvjakvmsRMG,22
426,Miley Cyrus,Angels Like You,1daDRI9ahBonbWD8YcxOIB,80
427,Workout Music ,Don't Start Now (Remix),1hvRlX91ePZGi8c5K4JdqL,28
428,Fousheé,Deep End,6HlE9t71z9DjGi7KqSyEpA,82
429,Armin van Buuren,A State Of Trance (ASOT 996) - We Wish You A Merry Christmas And A Happy New Year,4i5LEHdz8cz2zYbzTy7w7U,25
430,Megan Thee Stallion,Savage Remix (feat. Beyoncé),5v4GgrXPMghOnBBLmveLac,76
431,Alex Metric,Upswing - Mixed,6UtisDGlS9rFAXwNRIpRI8,24
432,Polo G,Heartless (feat. Mustard),2iP3unJbxZvRuqyrS0ocZy,74
433,Yotto,Another Riff For The Good Times - Mixed,0qvbTWuAHz8ZwqEGX6ONvF,24
434,Lil Tjay,Losses,3bAzFi7wGuOXJdgOYyFDSW,76
435,Max Off Melrose,Worst Year of My Life (2020),14QFphap5FUEvbp6kaPG6Z,15
436,Morgan Wallen,7 Summers,0tbjiOUl4k492KPdWZS9sy,72
437,Cristoph,Big H 2020 - Mixed,45Bq5hF3GurkNB9tzpibza,20
438,Money Man,24 (feat. Lil Baby),7v96VvFLS0wSYT8kewNLRy,75
439,Whitesnake,Best Years - 2020 Remix,05ab5MZw1beOMcRH25St2W,24
440,Taylor Swift,tolerate it,0PurA4JVJ8YQgSVopY8fn6,76
441,Above & Beyond,Blue Monday,4SI1yGSThNxNsX9cQjbUjH,29
442,Gabby Barrett,The Good Ones,3hLuHKzG1cmlRpq53ZVWd8,73
443,Markus Schulz,In Search of Sunrise (Year in Review 2020),224CVbEDMNUSqgOCeEawvx,19
444,City Girls,Pussy Talk,5EzL7hGT9g2Tvqsy158Lu9,74
445,Moon Boots,Tied Up - Kenny Dope Remix (Mixed),0yLcHTqnrU2v8l0Tx3aSTy,23
446,Lady Gaga,Rain On Me (with Ariana Grande),24ySl2hOPGCDcxBxFIqWBu,81
447,The Brothers Gillespie,Pandemic Love or the Year Without a Spring (Live in Johnson City 10/30/2020),4iw1IrgiSQ6J5UJpfQJsRD,14
448,Tame Impala,Borderline,5hM5arv9KDbCHS0k9uqwjr,78
449,Aly & Fila,Somebody Loves You (with Plumb),2inBkyRhXyvSmzq7V4HVnx,29
450,A Boogie Wit da Hoodie,Me and My Guitar,6cZH4rX1KTt1aJ3Ql6Ynja,75
451,Rezident,Pure - Mixed,421ZVZqF2Ct7R5MqsJX3J8,23
452,Juice WRLD,Tell Me U Luv Me (with Trippie Redd),5JAYDuLRkODlVt6dgoalKk,75
453,Armin van Buuren,In And Out Of Love - ilan Bluestone & Maor Levi Remix,2c07kosP5G3qP4vHhwoUMT,29
454,Jhay Cortez,CÓMO SE SIENTE - Remix,2tFwfmceQa1Y6nRPhYbEtC,81
455,Armin van Buuren,A State Of Trance (ASOT 996) - Armin's Highlight Of The Year,1xEXCHn6ZRRcd205Z40OgV,23
456,Jack Harlow,Way Out (feat. Big Sean),57VeLYXrvNxe8Vs18K2M9W,76
457,Chinese New Year Collective,Chinese New Year Song 2020,6M0iv5Jn1DneNocNccDpNn,20
458,Lil Peep,white tee,6KjkgYu4mjsMVYy4aCzyw6,76
459,Elysian,Beyond The Comfort Zone,1B8YgUyohyscDUw7Fhby6E,28
460,Kane Brown,Worship You,4RN6OApAESI3Sh0gf5iuAM,72
461,Gareth Emery,Yesterday,3l8q87pQxV4YT4fm8LIqsh,28
462,Chris Young,Famous Friends,4iXDn9pu5Q9sxv45vE8Lak,73
463,Toonorth,Far From Home,02GnHEcLnYUg7zoo82MBqt,18
464,BLACKPINK,How You Like That,4SFknyjLcyTLJFPKD2m96o,81
465,Cubicolor,Wake Me Up - Tale Of Us Remix (Mixed),4wLEnzru5f9Dmgswvn47Zz,23
466,Morgan Wallen,More Than My Hometown,0eBXyY4SatzpE7opnzgXvz,72
467,Above & Beyond,Diving Out Of Love,20Qt3MThCKVo2CSyKDJq2i,28
468,Juice WRLD,Up Up And Away,7pbg3ABlAZv2NiIdKbBBFm,75
469,Neily Blnz,Yearly Review 2020,3TtbYIK3bLlnaOdz8J8heG,11
470,Halsey,You should be sad,7lidXGPXPYLNThITAOTlkK,78
471,Ezzy,ny90,6Ynt8deU59F0BcJliiOY3H,18
472,Serena Isioma,Sensitive,0oHEteATZnAZuA9dl1dXF3,75
473,Workout Music ,Memories (Remix),2TSUxzMC1BPOs85maWSQRn,25
474,Young Stoner Life,Take It To Trial (feat. Yak Gotti),6aKDdFwPJLgHT4aNktrQmb,74
475,3LAU,Tokyo - Fatum Remix,1K1TKQiT8xOGmDdX2LyVOy,27
476,21 Savage,Rich Nigga Shit (feat. Young Thug),3ruoIF2UnoXdzK8mR61ebq,74
477,Kahwe,This World - Mixed,4BMhNY5LXii4VsiW2J5vKs,22
478,Luke Bryan,Down To One,6QpZSfLid1YZ6c01BvB5jH,73
479,Scorz,Come To Life,46siBNeeMXG69BbyvJEsAt,27
480,Jack Harlow,Face Of My City (feat. Lil Baby),6MDdceLYec4AxohmorE4vH,74
481,Nox Vahn,Come Together - Matthias Meyer Remix (Mixed),50nY3eAHPV74Nj1zyl0uzM,22
482,ElyOtto,SugarCrash!,3FxPbp05KjMBa4HbhAJTH0,78
483,TobyMac,21 Years,4dxTzRlAhUt8Fxvt0lKfyo,13
484,CORPSE,Miss YOU!,3pXVmZh293nWtqxildz9jf,76
485,October,Time To Love - 2020 Remastered,7zKG0StPF7Xg60fzq9cGZ6,16
486,Eric Church,Hell Of A View,1kBx9VGumfuvlfqdlAGorE,72
487,Jon Gurd,Lion - Mixed,0Qrm0M5RGAdZWEiVxG7MHS,22
488,Madison Beer,Selfish,4PV0uE5pZSh44E3NqNNDEH,78
489,Edu Imbernon,Rinascimento - Mixed,1JJPm5FN0iHmQaW1m4rmVZ,21
490,Lil Baby,The Bigger Picture,44gRhRi2OhEf7moAUj6MD1,73
491,Leavv,What Was Before,3E2PPVkf1cvEqaX7p5Qak2,18
492,Brett Young,Lady,3ySLzrN7950dpf1ncttONO,72
493,Dye51\50,2020 Is Our Year...... Ahhh Fukk,1UpODh2VquSDeC4VNpJBrx,8
494,Taylor Swift,willow,3Uo7WG0vmLQ07WB4BDwy7D,80
495,Armin van Buuren,A State Of Trance (ASOT 994) - A State Of Trance Year Mix 2020 Contest,0Mr0cA15GVkGlUnusJkvmq,20
496,Taylor Swift,ivy,19CSr8rwW05VJL2F91KFNK,75
497,Armin van Buuren,A State Of Trance (ASOT 996) - Last Show Of The Year,4COHTtrtPAcSIQia0cxQ8R,21
498,SpotemGottem,Beat Box,3wCx8pwK7J1LVe13dFXjPm,73
499,Kidnap,Silence - Mixed,0EaUUoDOUlhGBJsHO1P8rt,22
500,Kid Cudi,She Knows This,1xzUQMiCoY5pdego0pHMeV,74
501,meija,New Years 2020,6O8AI2tOKLKQ6C3Emm2KAL,10
502,Lund,Broken,4W8sUeokQKfHt1uTXp0Jq0,76
503,Chinese New Year Collective,Lunar New Year Music,0CFc4L95XeJk1NS6T6d6s8,18
504,Juice WRLD,Titanic,1YM6c2sxbf2Jacl9IFgn4I,74
505,Ten Years After,Are You Lonesome Tonight (Remastered 2020),4vbDf4gGabrP5bAoNuENJ7,18
506,Justin Bieber,Intentions (feat. Quavo),4umIPjkehX1r7uhmGvXiSV,80
507,Gareth Emery,Welcome To Your Life - Jeremy Vancaulart Remix,6qae2hDHkqKuftC9JxgQo7,26
508,Ozzy Osbourne,Crazy Train,7ACxUo21jtTHzy7ZEV56vU,76
509,Nymano,Sleepover,6eW9jhRDg1EcCQNQYJ2fFf,17
510,Bankrol Hayden,Costa Rica (feat. The Kid LAROI) - Remix,3tdjTdCCgKtwacsICCtPZZ,76
511,Philanthrope,Plants,34P0h72r5IebPGGH76blf3,18
512,Megan Thee Stallion,Savage,55CHeLEfn5iJ0IIkgaa4si,78
513,David Bowie,"Seven Years In Tibet - Live at Radio City Music Hall New York, 15th October, 1997; 2020 Remaster",3KLU3rwnH7rdjuXgvGvubX,20
514,"Tyler, The Creator",BEST INTEREST,3jHdKaLCkuNEkWcLVmQPCX,75
515,Jorn Van Deynhoven,Waiting On The Other Side - Club Mix,1HiN5p9QcqTTFrWE2RouOp,27
516,Lil Baby,Emotionally Scarred,7ge7BHazYbVKi8qyZUX1Bm,73
517,BT,No Warning Lights - ALPHA 9 Remix,6dVe4RYbaYKMULbWoJgWjZ,27
518,$NOT,Moon & Stars (feat. Maggie Lindemann),3oGbHF3Kdwf3AsRCbBjUxu,75
519,Miyuki,Never Been Alone (FYHYM2020),4Ake2LUHoBlVGpVAzFHbsT,14
520,Brent Faiyaz,Fuck The World (Summer in London),2CzUlaKN1mvb0szagSR3ux,74
521,Armin van Buuren,A State Of Trance (ASOT 996) - Tune Of The Year Top 10,02KoPajd6lpRS0tmdJJluL,21
522,Thomas Rhett,What’s Your Country Song,7Cw3yXDA8Uui37SI5FFaA7,73
523,Sugi.wa,After Dark,7GROhdwyts8vjPdOnU10gT,17
524,Taylor Swift,happiness,73YUReisjb3A9ActdLLjJQ,75
525,Sleepy Fish,Witch Hat,5IMRQMYucConMGcTogk5OC,17
526,The Kid LAROI,SO DONE,3qgPpwtuRu5oP8EtFSj8HE,78
527,Armin van Buuren,Hollow,5ymvanuY5Y1he25I7RNp5x,25
528,Darius Rucker,Beers And Sunshine,36ISlLb12gKuCCVTYXC0gb,72
529,Elysian,Water,6Ik7dtplfmNuiY8CtyFZOW,26
530,Dua Lipa,Break My Heart,017PF4Q3l4DBUiWoXk4OWT,83
531,STANDERWICK,What About Us,11avcbuPM465zCYXatV82q,25
532,Russell Dickerson,Love You Like I Used To,1D7cfiC5mxqHfTCcOiRBej,71
533,Assaf,Lost Souls - AVIRA Remix,1GIgfnQ8rPlnwUWodYg3uJ,26
534,Ariana Grande,just like magic,7Dx9Z6Aon1qPS2N0rHSWTe,76
535,Kasper Koman,The Blind Navigator - Mixed,0L1vgwngUkU4OKvWDwKe2j,20
536,H.E.R.,Damage,0KS2h61pHQ4WmOwruD7uxD,73
537,Jody Wisternoff,Nightwhisper - Mixed,1iBlKTBMVDAO7XA1yFCUXe,20
538,Florida Georgia Line,Long Live,1OTX8FOeKJt1v9mIxuF8sc,72
539,Armin van Buuren,A State Of Trance (ASOT 996) - Special Video Year Mix,1RARQvFf3U9QPMSMNhD62n,21
540,Jordan Davis,Lose You,0vK1vDEvEMvSpFEKW62Qub,72
541,Armin van Buuren,A State Of Trance (ASOT 997) - Intro,5MaBh7FpMWKW6m3Reh38O8,26
542,BTS,Dynamite,0t1kP63rueHleOhQkYSXFY,83
543,Armin van Buuren,"A State Of Trance (ASOT 996) - Tune Of The Year 2019 Top 3, Pt. 2",7tH6tGz6cQtpYReqHTlyjN,21
544,Megan Thee Stallion,Captain Hook,1E3VQQWFQAPJkXfYHjqWoI,74
545,Mama Aiuto,All In Good Spirit,5ualKgiogCUft7EQt5mtNm,17
546,Popp Hunna,Adderall (Corvette Corvette),3aAmQOxRPeKDL0HMWFA5qn,78
547,Nymano,Mirage,3HdhnmOIgeuVq42O0l5Fw1,17
548,Frances Forever,Space Girl,7FjIYiD53wxlQmzTT6Wdpf,76
549,G Mills,Harvest,2Qe9Hpwda5pbWAZGg6dMOe,17
550,Justin Bieber,Intentions,364dI1bYnvamSnBJ8JcNzN,78
551,GXD,Sail,7AcmztsteFrvyYuyu4XfVe,25
552,Olivia O'Brien,Josslyn,37ZKB38iNyKJ0xYEz9SJgk,74
553,Nicholas Gunn,Fallen - Richard Durand Remix,0rXvd2JAkXMDJlyDU3MPl2,25
554,Kidd G,Dirt Road,24LyKCgvEia1eAPUbuISlk,71
555,Luke Bond,Walk Away,3Ce1o1EuQB64z2itfgYrj2,25
556,The Kid LAROI,TELL ME WHY,3jlxX3VXPiY3lvBBbppQD3,74
557,Chicane,Don't Give Up - Giuseppe Ottaviani Remix,0sYDe3mKsXwghw6FgRq7J0,26
558,Internet Money,Blastoff (feat. Juice Wrld & Trippie Redd),2rFsFjq0D9JAmc0APpCO6P,74
559,Maor Levi,One Love,5dArirPBxVrSRNJa1YX2hx,25
560,Miley Cyrus,Midnight Sky,27ycaQnQAxaPiyeg3nr2aB,82
561,Workout Music ,Bad Guy (Remix),5v7OrTvBQNhXQwVzi3oXpb,24
562,The Neighbourhood,Stargazing,0VF7YLIxSQKyNiFL3X6MmN,75
563,Tinlicker,Blackbirds - Mixed,2RVCOhslHSOQRNXqcbbEHh,20
564,Dua Lipa,Don't Start Now,3PfIrDoz19wz7qK7tYeu62,83
565,Jazz Instrumental Relax Center,New Year's Eve Jazz,75dFH4GMGExHXivHrRRtk4,17
566,Keith Urban,One Too Many,5NUXE8W12lWcUXgJRCjeEw,75
567,Philanthrope,Ocean Patio,3qJCPsmuewuWF2jkOqKOEY,17
568,24kGoldn,"Mood (Remix) feat. Justin Bieber, J Balvin & iann dior",6FuGJB290AQMAHTfjOYVaK,82
569,Middle School,Canary Forest,4eA8gVCly3GDGKfAnQsoBM,16
570,Bad Bunny,La Santa,69vlMrzHwATKzupwNcUPyK,80
571,Leavv,Aqueduct,1tPwtEZicYljOlAgnqT07U,16
572,Mario Judah,Die Very Rough,3brXaWuPsVScvYQKUh3Ijc,77
573,Nymano,False Hope,4HZ8NCMWAY45EwzGaihqN5,17
574,Kevo Muney,Leave Some Day,2Kjx3d2fmcKfRlZTiKjugm,72
575,Swørn,Keep Going,5wxxsUijre15T715mScE7i,16
576,Taylor Swift,long story short,2o2sgVJIgFXk8GQjWTgI6U,74
577,Alex Sonata & TheRio,Awakening,3obWseGrfCfd8x7wgXibLW,25
578,Mac Miller,Blue World,2hwOoMtWPtTSSn6WHV7Vp5,75
579,Taylor Torrence,If We Say Goodbye,6evuFziA2MjVfWwavmHdZu,25
580,Khalid,Know Your Worth,0TrPqhAMoaKUFLR7iYDokf,79
581,Gareth Emery,Yesterday (FYHYM2020),5flLk00fwKxx3fVxNoIBMX,18
582,Dustin Lynch,Momma’s House,51FVpJr3WL7vvdfCa7j2jr,71
583,Super8 & Tab,Live For Tonight,7JLopSrvKr41BqP3rDHjgY,26
584,Tyla Yaweh,Tommy Lee (feat. Post Malone),5QZKcQDp0tCcvMdyqEciBV,76
585,Key Lean,Infinity (FYHYM2020),47HejMOnv4rCaKSRsJrXuN,18
586,Pop Smoke,Invincible,792HwhrdO3ErRKL5yRe4Ge,79
587,Armin van Buuren,"A State Of Trance (ASOT 996) - Tune Of The Year 2019 Top 3, Pt. 1",7Kh32CyazzTdVEBXjKINVO,21
588,Bad Bunny,La Difícil,6NfrH0ANGmgBXyxgV2PeXt,79
589,Andrew Rayel,Everything Everything (FYHYM2020),7xYWlZVz96uViLFyehYIzc,17
590,Eminem,Gnat,6cS9PmLky2NhLOhpIsUlow,77
591,Lane 8,Keep On - Mixed,1zHQesc4xZZ5B1nl8G9dl5,20
592,Migos,Need It,6mtjo5kIHKlboGE84lf1FJ,73
593,Luke Bond,Walk Away (FYHYM2020),2sEKRPE17h3udhln7kFg5S,17
594,Claire Rosinkranz,Backyard Boy,04F42oEuKrRComYJfJuyVR,77
595,Ilan Bluestone,Black & Blue (FYHYM2020),0oQHGP2ovjrcoXU4jtlrc3,18
596,Kali Uchis,telepatía,6tDDoYIxWvMLTdKpjFkc1B,78
597,Simon Patterson,Close My Eyes,5Xzf6IzPCpmxVtAX43QfD1,25
598,Eslabon Armado,Con Tus Besos,6WYB1odDfMPVMyp1QxFInT,76
599,Assaf,Lost At Sea,01bxMdpn9t2FWsyXMbZUOe,25
600,The Kid LAROI,WRONG (feat. Lil Mosey),1EWkw4Fa6IlnsAihLUlFFM,76
601,Armin van Buuren,All On Me,5UJrCYYwiaJnkBNIZdsiRO,25
602,Playboi Carti,Vamp Anthem,4CzhtKifG867Lu5DNQVBSA,73
603,Sleepy Fish,Bookshelves,38hvo3wyY1hUFttrzxFqQg,16
604,Ariana Grande,nasty,0sci7ppTZFm4mjcH3nu8yO,75
605,Philanthrope,Anemone,6fRkH2ALayG6ZNK268MlSV,16
606,salem ilese,Mad at Disney,7aGyRfJWtLqgJaZoG9lJhE,81
607,The Cog is Dead,"Blood, Sweat and Tears (Remastered 2020)",4l2PsOfcoxznZYXR7QvnTc,14
608,Ava Max,Sweet but Psycho,7DnAm9FOTWE3cUvso43HhI,81
609,Armin van Buuren,Something Real (FYHYM2020) - Cosmic Gate Remix,5eY332ZbYKvAzyRVZKKYdU,18
610,Freddie Gibbs,4 Thangs (feat. Big Sean & Hit-Boy),4wmZtoif8SGm7PDqgKrEXr,72
611,Eli & Fur,Walk The Line - Mixed,3vTiEk2yLd5KowoqPyHulh,19
612,Bad Bunny,YO VISTO ASÍ,5fROvzNghPid8mbKNDYvpJ,79
613,Ben Böhmer,Phases - Mixed,71XJL5aSkOkRZYuORRfOcp,20
614,KAROL G,"Ay, DiOs Mío!",7x4ASXYEKfQBCewcZhK776,85
615,Jordin Post,New Day - Mixed,0GPQ5q8iwCHoXD1y8e5Ikd,18
616,Sleepy Hallow,Deep End Freestyle,2AlYncTpVHKwHb55F9lF6O,73
617,Aimoon,Moonwalker (FYHYM2020),2R1CQ6OacTRZ42XAE4BYLU,17
618,Tones And I,Fly Away,5ri4zqtWhG07hIuNNDWP76,82
619,Eximinds,Lasers (FYHYM2020),2lpdYWPhpKw9Q5id9QyqK9,16
620,Adam Doleac,Another,16ayXVtAftZYobyrNsZUQv,71
621,Gareth Emery,Elise (FYHYM2020),7DYYWbDvBP2nyLs73Hssny,17
622,Juice WRLD,Can't Die,4PPLJAEYBSOcnzr9TZoqf9,74
623,Armin van Buuren,Leka (FYHYM2020),6nkMsVLzTdAII3EiyFNMWe,17
624,Jack Harlow,Tyler Herro,3w1WjD2zJqjBjDz5fwqQPJ,74
625,Leon Bolier,Perpetual (FYHYM2020),4B87Nh4tPc9F6PKhSntHcR,17
626,Lil Baby,Sum 2 Prove,2u3EyuCqqV31woqGvO9LBz,72
627,Alexander Popov,Elements (FYHYM2020),5J65uD1EIeKkWSpI0zBG8m,17
628,FLETCHER,Bitter,5Z0AM9HW78XIyZqF2BPasr,75
629,Chinese New Year Collective,Traditional Chinese New Year Song,6zZBnab1boQwonmQwiYYCV,20
630,Taylor Swift,evermore (feat. Bon Iver),3O5osWf1rSoKMwe6E9ZaXP,74
631,The Cog is Dead,The Death of the Cog (Remastered 2020),5COePbRqAjwS4DPcdEoWEy,13
632,Lil Tjay,Move On,1BPBcKcunC2olMIDEyQejT,75
633,Armin van Buuren,This I Vow,607a1hiIZ0IFkSVOgvcgcT,24
634,Stellar,Ashes,3Pj6u2KTgepyyidp5xfbHp,77
635,i_o,In My Head (Part II),56MnG9FiwqMTjv4EakbLJV,24
636,BTS,Blue & Grey,0n2moJpAEWHwaPYYjkzMDl,80
637,Roger Shah,Take Me Back,6Mn7QxoIEnOv6ygJsvZiLP,25
638,Thundercat,Funny Thing,1c5CllrZr45UBhWpIqM332,74
639,Super8 & Tab,Rooftops - Maarten de Jong Remix,1bVEYk3rL2Xsk71uvLjLAK,24
640,Ozuna,Una Locura,5y7DaS3jAc9eZzcSOoUIwU,87
641,Alexander Popov,Nothing Is Over - Roman Messer Remix,44aIPcFUPIn3ZLYzKWTX3N,24
642,Brent Faiyaz,Rehab (Winter In Paris),0zWbYGQq5O1KQd0iqzgjP6,73
643,Christy Moore,Black Is The Colour Of My True Love's Hair - Live In Dublin / Remastered 2020,1SYZYOjXCOuIo0wEwbtuX0,28
644,Rod Wave,Rags2Riches (feat. ATR Son Son),1ENdcyhqdylaLsPVgB83qq,72
645,Helloween,Years - Remastered 2020,5T9T2XqAICzSHQmpidOthc,23
646,SUSU,POOP (SHIT),3V1hoe2RGOieLpOcSiku0Q,69
647,Sheridan Grout,Under Water (FYHYM2020),1R1qeF07Ur6w8oB6WqibT5,18
648,iann dior,Sick and Tired (ft. Machine Gun Kelly and Travis Barker),0DILU9jjSTnCv1dcbUH3ib,74
649,Husman,The South (FYHYM2020),7kwtnqHTp4EPkH6DOzALSP,17
650,Taylor Swift,august,3hUxzQpSfdDqwM3ZTFQY0K,74
651,chromonicci,Oceania,4tCFAMpx8eu1AYHtsf0Bun,15
652,John Legend,Wild (feat. Gary Clark Jr.),4rVW6XqAsSaf5vOwc8FREW,75
653,The Field Tapes,Through Trees,0metDT80ZWkezmprVEhtSU,15
654,BRS Kash,Throat Baby (Go Baby),31iqpzg1ZXLLgq0L5iIwLe,70
655,ØDYSSEE,Calm,3DIlFc3fn9GBy8KhJdSQAb,16
656,H.E.R.,"Slide (Remix) (feat. Pop Smoke, A Boogie Wit da Hoodie & Chris Brown)",6MO2bfLHKykUgCChFdw91H,75
657,The Field Tapes,Cloud Carpets,4VDi31bfTUzqP42vrdWlT6,16
658,Taylor Swift,coney island (feat. The National),3k7ne7VmH43ZPWxPdvPUgR,74
659,Miscél,Inside,7a9z931Bx6gunpcVNH0AdX,15
660,Flo Milli,May I,1GcXzijYzyfMq6wryZjYW5,72
661,Tesk,p i c k m e u p,1VD8yecOuLPqx8kyt6ICI3,16
662,Doja Cat,Freak,3aA6xB0tOilDDX17fIJ0Bl,75
663,Armin van Buuren,A State Of Trance (ASOT 993) - Pre-Order: A State Of Trance Year Mix 2020,3wm1LwTXsC26RR1gEhmnlk,17
664,Ryan Hurd,Every Other Memory,3t2xlkvPsrcyia0eBaCZ53,71
665,Above & Beyond,Bittersweet & Blue (FYHYM2020) - Above & Beyond Club Mix,5Czgc1iy4p8k1S1kWJHhbz,17
666,Tai Verdes,DRUGS,0ooz46SAYMJsdOPnwW4nKK,69
667,Space Corps,5th Dimension (FYHYM2020),4vHaUmmBHfv06jGFHyTUBe,17
668,Jay Wheeler,La Curiosidad,4HYDUMY0xSpeBr0AMY9cUz,86
669,STANDERWICK,What About Us (FYHYM2020),1iP5tdhD9KIXMrhDou7BDc,17
670,Moneybagg Yo,Said Sum,3sKz6Sd72K0ofPWcJPPk6H,70
671,Chinese New Year Collective,Jiang He Shui,0ZfD9LAlGKOPrtqGyQwkpp,18
672,2 Chainz,Grey Area,6jzW19SQaLj1kLArvipGQZ,72
673,Dennis Sheperd,Losing My Mind (FYHYM2020),5wTGdpFAWLN42wRdjJmiRH,16
674,Masego,Mystery Lady (feat. Don Toliver),2Ee9amLUslOwgoJWZEpSSD,75
675,Qrion,B4 Montreal - TSHA Remix (Mixed),52Jfd9naoVkh8iQYPmfRzO,19
676,Glass Animals,Heat Waves,02MWAaffLxlfxAUY7c5dvx,80
677,Dosem,Eternal Summer - Mixed,06Exp4RhjwExplyB05Hgs9,18
678,BLACKPINK,Lovesick Girls,4Ws314Ylb27BVsvlZOy30C,78
679,Sean Tyas,Mantra - David Elston Extended Remix,4y1YGDVEQCzJutdY8UETdt,22
680,Taylor Swift,cowboy like me,1XjHRolIXL2M1EEOUsGGR4,74
681,Qrion,It's All Over - Mixed,27d7BybysxFAkygrYYUozY,19
682,$uicideboy$,"...And to Those I Love, Thanks for Sticking Around",30QR0ndUdiiMQMA9g1PGCm,75
683,Ben Böhmer,Breathing - Boris Brejcha Remix (Mixed),6DtwPyMqylx1cdfvo3I2ET,19
684,Chase Rice,Drinkin' Beer. Talkin' God. Amen. (feat. Florida Georgia Line),1UYfAU2bwgjaM5rIIPQleC,71
685,Frost,Overtones - Mixed,4FB55vmdYfIrOrbbzlpgE4,18
686,Blake Shelton,Happy Anywhere (feat. Gwen Stefani),2DwbFtfC6sXBiVDPmju8Dd,71
687,James Dymond,What Have I Got To Lose,4RmuPsNOuLYOKLciHOxQJ2,24
688,Megan Thee Stallion,Do It On The Tip (feat. City Girls & Hot Girl Meg),2993VQSr7a2Dj5hI5xcWG0,71
689,Armin van Buuren,I Need You To Know,4u4mSxeOuRZHqC9gn1imoJ,23
690,Marshmello,OK Not To Be OK,0zzVTGyRrWpQu8Fr28NRAv,79
691,Above & Beyond,Diving Out Of Love (FYHYM2020),5NkhI5dpAxgpaVHvt5Abou,17
692,Aly & AJ,Potential Breakup Song,2ieu0FHqTpBUrMoCFVL3cb,71
693,Tyron Dixon,Destination (FYHYM2020) - Orjan Nilsen Remix,6d8k9x9w6ArvZjQebqnOX6,17
694,Carly Pearce,I Hope You’re Happy Now,0Al3wN3keprGTSgG8NBwjr,70
695,Pierre Blanche,Dimension (Year in Review 2020),6X9dzAp2Kz50KUTf9jQRXD,16
696,TWICE,I CAN'T STOP ME,37ZtpRBkHcaq6hHy0X98zn,81
697,The Cog is Dead,The Copper War (Remastered 2020),7xoePagHnUhBzux0k80yXK,13
698,El Fantasma,Cabrón y Vago - En Vivo,4nbWX2HzrOEnX4xxvYRCyU,79
699,Jazz Instrumental Relax Center,2020 Midnight Party,2F7jEjTmVE5QKeUVK0ziXE,16
700,Polo G,I Know,40j4RoqmLiivqzRObbQ4BF,73
701,Juan Rios,Cascada,6rzGm812RGQTMv2B4bCdHj,15
702,Tai Verdes,Stuck In The Middle,4y3BUo2hp0MxylfbUaqRyJ,68
703,G Mills,Ocean View,4LoEXEjzxUhEIqCRNLvo5Y,15
704,21 Savage,Glock In My Lap,6pcywuOeGGWeOQzdUyti6k,72
705,Nikhil Prakash,Horsepower (FYHYM2020),2D6ltzmnxGdXOKAxESLYV6,17
706,PARTYNEXTDOOR,BELIEVE IT,4HDCLYli2SUdkq9OjmvhSD,77
707,Eximinds,Phantom (FYHYM2020),0eyuS8KtxqCim3w53bJ8KC,17
708,Juice WRLD,Fighting Demons,0440JCJyIAmINA8KcYgFb5,73
709,Eximinds,Sonata (FYHYM2020),5si5M3VaWAVoQrs6ddvsB8,16
710,Taylor Swift,dorothea,670fUmXf4KQekzbEgaXyPA,74
711,Elysian,Moonchild (FYHYM2020),5wTvShPV1tcZLFOzACsb8I,16
712,Future,Life Is Good (feat. Drake),1K5KBOgreBi5fkEHvg5ap3,76
713,Eximinds,Aura (FYHYM2020),6CEfPxhwlDIEGQdV6Fc5yR,17
714,Andrew Jannakos,Gone Too Soon,07mnxqYqssab1EEBynCuQ4,70
715,The Pissed Alpacas,"December 31, 2020: New Years Eve",6u14kjoN1cA2vQEQbRI4nn,13
716,Sista Prod,Eyes Blue Like The Atlantic (feat. Subvrbs),0qUcpOOna3kkrwfqky85e1,76
717,Roman Messer,Dancing In The Dark with Christian Burns - Alex M.O.R.P.H. Remix,6jtTzEduELyOUHHC5ve12s,24
718,Playboi Carti,Slay3r,1eMNW1HQjF1dbb4GtnmpaX,73
719,HALIENE,Walk Through Walls - Markus Schulz Remix,4INU1yXCU8yTPphhVRoO3q,24
720,Moneybagg Yo,Said Sum (feat. City Girls & DaBaby) - Remix,7HbnX1fxCAoPa7nRVFSEFW,72
721,Craig Connelly,All For Love - Giuseppe Ottaviani Remix,68PTHnjPxaNiTevJ4WZcRV,23
722,Ariana Grande,safety net (feat. Ty Dolla $ign),14gkWVFMwdxBMyqBw1wmIg,74
723,Andrew Rayel,Never Going Down - Richard Durand Remix,6h7BTvgc2qTppdCEQMDFUu,24
724,Kygo,Lose Somebody,7xbWAw3LMgRMn4omR5yVn3,79
725,ReOrder,We Are The World,6kYIJFkbRr0LOgxNsjmuqP,24
726,Pop Smoke,Get Back,3DWjFSDEQ9IWz1mj449fB7,77
727,Alexander Popov,Stranger Inside (FYHYM2020),0fO8WQxyihoFjabQlRwhW2,16
728,Taylor Swift,betty,5kI4eCXXzyuIUXjQra0Cxi,73
729,Cosmic Gate,Universal Love (FYHYM2020),0Uun4W3qzBHyUYsAvnWuJU,16
730,Russell Dickerson,It's About Time (feat. Florida Georgia Line),7eQEnXy5vNjPv6aXVl6N26,70
731,Marsh,Lailonie - Mixed,6Q3Wta6M7zqlnxDaFbm16h,18
732,Lee Brice,Memory I Don't Mess With,7BQE1P0NUalHSvFtrxasx9,70
733,Omnia,Escape The Night (FYHYM2020),1O8KbqMHcpbCjTXAvsr58K,16
734,Machine Gun Kelly,drunk face,3k0YJnqMKRZb8swo86vCkq,73
735,Ash,Clones - 2020 - Remaster,0y069jft8vt9CAIUfO9T0v,15
736,MC Virgins,Trap Anthem,0CJgUQ8UemK2htS73Ye5U8,75
737,Astrid S,Years,6jCOvlORD28a7e1rgZJYWD,18
738,CORPSE,Cat Girls Are Ruining My Life!,4SPBwOTXgku4QvmRtMEGfW,73
739,xander.,Cozy Fire,37wFCg1zXCcFpW6iQkKi9v,15
740,Lil Uzi Vert,Yessirskiii,59JWp4PjZ9TRM8cmtaDYB1,71
741,dryhope,Ever Forward,33GGRexA8eWet5sRchpLWg,15
742,DaBaby,BLIND (feat. Young Thug),2T5NBwKRySiCR78vVk08vr,73
743,Andrew Rayel,Stars Collide,2qJ8hGBKxPnw80u8nL7S5t,23
744,iann dior,Holding On,6CN7FuZ7o1xle9TNxApGeQ,75
745,Andrew Rayel,Everything Everything,3bYfQVn7qAHNmK1sdKXEL1,23
746,Juice WRLD,Screw Juice,4F6YLjakjqWFTgC5qfEwPQ,72
747,Jorn Van Deynhoven,I Need Your Lovin' (Like The Sunshine),3pN9pKR2Aavt3SqFpBTkk4,24
748,Sebastian Yatra,Chica Ideal,21N4Buj4xsyLb218lYle61,88
749,Mads & Co.,Year 2020,1E7kvOufjivgCGLETpjvFs,6
750,Jerry Di,Mi Cuarto,6fmQjRuo7XvRFCK2qex5hQ,84
751,SAINT WKND,Girls Just Wanna Have Sun,7yJFBWii4GhQ5HKCPu7C7q,15
752,Ella Mai,Not Another Love Song,5XqDJFVCyRTm5J7cIfRmR1,72
753,goosetaf,Last Night,6euVvsxMmscZAtp3tsIJcP,14
754,Maluma,Hawái,4uoR6qeWeuL4Qeu2qJzkuG,86
755,Jenka,Void,6wKB9gUFy15TD2jpAVSYad,13
756,Joji,Daylight,6Ed1q0X8oSKSm4IIhiQbYg,74
757,Sleepy Fish,Velocities,0iV89YxzohPEDkJMzgkqBs,14
758,Playboi Carti,ILoveUIHateU,1BpKJw4RZxaFB88NE5uxXf,71
759,Aviino,London Love Letters,2WLAiZ1atVTqBgDNJq8aTi,14
760,Polo G,Be Something (feat. Lil Baby),65jw6GhwQW3Db55PxlPEpS,71
761,Seventeen Years Old And Berlin Wall,"Ten Years - (Live at Shibuya O-nest, Tokyo, 2020)",4vQwavHaQjJRuHivjFV7l1,5
762,Lauv,i'm so tired...,4vjpLMyL3ZO6aphdYr8XYw,78
763,Le Youth,Arizona - Mixed,1PwIlfKMn82TVbWMO67kqh,16
764,NAV,Turks (feat. Travis Scott),0lSZh5W0wDeurkGzLYY6hf,72
765,Spencer Brown,Pursuance - Mixed,4oz8THvCh0Oi4m6oXmjJE0,16
766,MisterWives,SUPERBLOOM,2HvtedoEeymVWrBPyAMNwZ,73
767,Spada,Part Of Me - Mixed,5eTzpDomIiL0cGwjKQhW3V,17
768,Katy Perry,Daisies,4uqh9bualXNHXXwO2wPorc,76
769,Pretty Pink,Come Back - Mixed,2Ny4zDjXXcD5YocPBVwGhn,16
770,Sam Smith,Diamonds,5hvwx5i67IwnCkjl9VHkNv,81
771,Luttrell,Lucky Ones - Leaving Laurel Remix (Mixed),0Lc0sd0Dqhi1CfiTLTUcNS,18
772,Lady Gaga,Rain On Me (with Ariana Grande),7ju97lgwC2rKQ6wwsf9no9,79
773,Above & Beyond,Reverie (FYHYM2020) - Above & Beyond Club Mix,1XExkdjQtCCAlHQvo7pRwP,16
774,CORPSE,White Tee,3qdRwIwWa5nVZnNp43uYrx,73
775,Buju Banton,400 Years,2ezZgyMOaR3T6ESsK0CSyk,12
776,Royal & the Serpent,Overwhelmed,5jjZikDrEd0by1o7V3fO4y,75
777,Stefan Nilsson,In the Night of New Year's Eve - The 2020 Version,2HO4QufOAPUdnHH9Tj9hpS,20
778,Kid Cudi,Another Day,6myUpr3GDR80Dg3zqNTmmG,71
779,The Cog is Dead,The Depths Below (Remastered 2020),0aaI5SaaLbNRpXgkmEiTz8,12
780,Wilbur Soot,I'm in Love With an E-Girl,44wBlg3Y1KSAEmaze5BXe7,73
781,Bob Marley & The Wailers,"No Woman, No Cry - Live At Rainbow Theatre, London / 1977 / Remastered 2020",255t2dDBiw8jIVQILhMjew,17
782,Taylor Swift,marjorie,12ntTeqEeTg7GAVpe8Mhpl,73
783,Rub!k,Redshift (FYHYM2020),2UbCdHlrlZcvZKBohbP5bR,16
784,YUNGBLUD,acting like that (feat. Machine Gun Kelly),6PxNpy8jOjyZ8aGCD58LpW,74
785,Rub!k,Moonwave (FYHYM2020),3DWsV9ifIbPV0UP0n8dzlV,16
786,Pop Smoke,Something Special,5kkaSMcf4BFlhRRICCKZb6,74
787,Tensteps,Ecstasy (FYHYM2020),34RMcIdMytTGOO3rxaJ3NQ,15
788,Coyote Theory,This Side of Paradise,79EkGysjP2dL5GdpeQjRxT,74
789,Eluphant,1 YEAR,1tYUQ0JVjdxcJ1xF8n2eRf,16
790,Maddie & Tae,Die From A Broken Heart,3DA4SE262k6rdEtlHteNyq,70
791,Luke Bond,Satellites (FYHYM2020),4kan4qnlyMwbvyAaY8808j,16
792,YoungBoy Never Broke Again,My Window (feat. Lil Wayne),7IECs9d4Rrlpa7tiHOCE1w,70
793,Armin van Buuren,Punisher (FYHYM2020),1VyFZmUqmoDxhjoBniI6vU,15
794,blackbear,me & ur ghost,38KsRHYE10bG0paU78gL9r,73
795,Above & Beyond,Crash (FYHYM2020),675w5klPwgx1C4A3CPuDy1,15
796,Bad Bunny,HOY COBRÉ,0tjZv2hChdHZCW1zFXpy1J,78
797,Chicane,Halcyon (Year in Review 2020) - 2020 Anniversary Rework,14rh4oxIMe4fpzWKU4c55d,15
798,JAWNY,Honeypie,6FfLg6FFqhCsrFOaHIGkg0,76
799,MaRLo,Say Hello,4XoyRcPQcCnL28jXZDNzXc,22
800,jxdn,Angels & Demons,4GUj9MfPPkjpZskxb45uiX,74
801,Will Atkinson,Telescope,4oqu4srBsP8hBb0kENkuHV,22
802,Niall Horan,Black And White,7rpNuuoMbid56XkDsx2FjE,77
803,weird inside,Wrong Way,1YhC7OQOaiSVg4LQ14x17a,14
804,G-Eazy,Still Be Friends (feat. Tory Lanez & Tyga),0JjM9bKm4wrwohMslcm892,76
805,Psalm Trees,bringmesun,0xekwqWRG4YmxY8kvfoVz2,14
806,XXXTENTACION,Riot,4aOOExMBUyxKnEYb39SrTg,73
807,Aso,comfortable,5h8oFqPXn6xP1TIPfzeX8b,14
808,Miley Cyrus,Heart Of Glass (Live from the iHeart Festival),5i7ThJfYLAzp2DyZuFpF6j,76
809,Aviino,Such Great Heights,6iad6srF2PJ2rQkxTYHW8V,14
810,Camilo,BEBÉ,7D7EH7MGyNHWSkqrszerI1,87
811,Dotlights,Anywhere But Here,5JMKnDCcY5AphCmSHwyKPG,15
812,Moneybagg Yo,Me Vs Me,1lUTmmPMAsxZBR2iK9CKDF,69
813,sadtoi,Les Vacances,4DIeKIPrZfqmb1XBfV5feA,14
814,Bad Bunny,A Tu Merced,4r9jkMEnArtWGH2rL2FZl0,79
815,Armin van Buuren,Runaway (FYHYM2020) - Fisherman Remix,3g4oW5wXQwfKHHRUGr3hjJ,16
816,Juice WRLD,I Want It,2SVx3uds6jTWALFxevIWMA,72
817,Bandēs,Borealis (Year in Review 2020),2MMMRGTs2aApnLlcgb4nQk,13
818,Eric Church,Doing Life With Me,57YkkgxAiusJPMtiSG3w3c,70
819,Tinlicker,Children (Year in Review 2020),07GL1YxvvKZLtVn3JYkLSz,15
820,Anson Seabra,Walked Through Hell,6c7N5N7amAOpeMykjlovjI,75
821,Fonzerelli,Hope (Year in Review 2020),0uB2XmHTfO1DqZPaHAFa78,15
822,BLACKPINK,Pretty Savage,1XnpzbOGptRwfJhZgLbmSr,78
823,Gabriel & Dresden,Something Bigger (FYHYM2020) - Elevven Remix,5VStaVxwjL8gummb6pi1lp,15
824,Taylor Swift,invisible string,6VsvKPJ4xjVNKpI8VVZ3SV,72
825,Johann Strauss I,"Radetzky-Marsch, Op. 228",2TPiVQ1dcV5DWloRkyQCng,27
826,blackbear,cheers (with Wiz Khalifa),41uMT21Z2Sts6UNsz19ZH5,75
827,Durante,Days Pass - Mixed,0JXVfggFoPQNZpBg5duIJw,17
828,Dierks Bentley,Gone,7IhfjcaXuXCq20ZiAA7igK,69
829,Disclosure,You & Me - Flume Remix,2ecVNoRLcktZ3VIYsan9Pw,23
830,Trippie Redd,Weeeeee,2PI3qpTqYowwMzOSQRuj73,71
831,Matt Fax,Collide - Mixed,3NlmfafnUZQDHeyI6RupYS,15
832,Rod Wave,Girl Of My Dreams,65QRS8iMQ1TsQ93fPZIZ4i,69
833,CRi,Stranger - Mixed,57mRYjtBCUVkMXidaUes2p,18
834,Wisin,Mi Niña,2bgcUk2A3jjKbCJ7KPquTi,87
835,Christmas 2020 Hits,It's the Most Wonderful Time of the Year,646ELFT5lArtnON6CfWbK2,12
836,RØNIN,ALL GIRLS ARE THE SAME,4xhWfr0tyA7BGL7eXo8KnV,75
837,Space Corps,Falling Out Of The Sky (FYHYM2020),7peOSbUi9FQDKqdUu3yUIm,15
838,Blxst,Chosen (feat. Ty Dolla $ign),1dIWPXMX4kRHj6Dt2DStUQ,73
839,Craig Connelly,Anything Like You (FYHYM2020) - Daxson Remix,0e0R1D0qM0ilnWS3ICxXFE,15
840,Ariana Grande,off the table (with The Weeknd),7E1jVNoWuemqUryI4FxsVD,74
841,ReOrder,After Tomorrow,5W0D7bSzC4bsiy4z00SR1D,22
842,Rauw Alejandro,Reloj,7r9ZhitdQBONTFOiJW5mr8,87
843,Jazz Instrumental Relax Center,New Years Celebration,0quxSclMwChee5klZHcImt,14
844,Wiz Khalifa,The Thrill,4wqzOaLxiCRy2Et8tRyNSX,74
845,Middle School,Casual,6TCjDj58R7IG3N4ahkeqEa,14
846,Filmore,Nothing's Better,1LtiNpTzzSX8qcvlPFLmeR,69
847,Montell Fish,Imagination,4GW5cnEo9EFMkKsdT0VvSd,14
848,Russ,BEST ON EARTH (feat. BIA) - Bonus,0xKBkLcF71uUQeTA7FSu4A,71
849,Blue Wednesday,Embers,0TkZAnWFp0H8HgDoGSLRkJ,14
850,Farruko,La Tóxica,15OjBeqNX3bShsGYQbteRv,87
851,invention_,Sonar,6czQS8qEliHSUvwUUKm0xz,14
852,iann dior,Pretty Girls,3fKdTr6Uv8HTb92Ih3QWxa,72
853,Blue Wednesday,Cloud Dance,4AmUdB203yT0uHUR5R0Noh,14
854,NLE Choppa,Moonlight (feat. Big Sean),1QOxaQ0QruusmKZk5G3sot,71
855,Andrew Rayel,Light Side Of The Harmony (FYH 200 Anthem) [FYHYM2020],0tPQlzcWl1l5YC2MLVBrsZ,16
856,Taylor Swift,my tears ricochet,1MgV7FIyNxIG7WzMRJV5HC,73
857,Ward Wills,Can’t Find the Words,2ufeC6yV0q32xfrqkTQGE3,14
858,Erica Banks,Buss It,25j0Sape7qZbq6ZPLFefTT,73
859,Arbour,Sundown,6Q9QZRk3FjWWrbz1szGh2M,14
860,Taylor Swift,the last great american dynasty,2Eeur20xVqfUoM3Q7EFPFt,73
861,Sleepy Fish,Fireplace,3uPkidnkvuQS8yI6Hz2zKo,14
862,Lil Uzi Vert,Baby Pluto,7hav1MHURQf5SAoPk0egqh,71
863,Strehlow,Lagoons,2JMTJ4Ne54SF3e71kiTjIY,14
864,Shinsei Kamattechan,Boku no Sensou - TV Size,3tRPfCFAEv6wWyQO0YnGGV,77
865,Elysian,Water (FYHYM2020),4oiTwSmpnUFrbFdmZEQ82v,15
866,Nicki Minaj,Yikes,75dLEqanQTupF3dtP9exT5,72
867,Leo Reyes,Lovecraft (FYHYM2020),731nEtEPxNbaunhZv1mNoF,15
868,BTS,Dis-ease,54DmTIv86D3sYdiawjULQ0,79
869,BT,1 AM in Paris (Year in Review 2020),5PpRDLaAJUYQyYDNSOXvmD,13
870,Nate Smith,Under My Skin,7G6eOSluX80fOpWD1ERuyF,69
871,Armin van Buuren,A State Of Trance (ASOT 997) - Outro,4AsrO3mmLgLKB1ivw9bEXM,21
872,WhoHeem,Lets Link,6fMzgFFGzWCwiHMzDzNpp5,67
873,Armin van Buuren,"A State Of Trance (ASOT 992) - Pre-Order: A State Of Trance Year Mix 2020, Pt. 1",25UZ8GVgOentSgIvXXWWHN,16
874,Billie Eilish,No Time To Die,73SpzrcaHk0RQPFP73vqVR,78
875,Armin van Buuren,"A State Of Trance (ASOT 992) - Pre-Order: A State Of Trance Year Mix 2020, Pt. 2",5ECn5le1W6lcBJxgtPsSas,16
876,$NOT,Like Me (feat. iann dior),706ZrLifsm0nwlucKr4kQg,72
877,ALPHA 9,Tell Me (FYHYM2020),1L2TjD0aWubpYbuZhLGaHE,14
878,Carly Pearce,Next Girl,4QpWhd7l2NrmGmfw4qGlpa,69
879,Maor Levi,One Love (FYHYM2020),4K6WP1KJnLwjRCIZO6jYn6,14
880,Studio Killers,Jenny (I Wanna Ruin Our Friendship),4JLBDUYSaOMPYND0iWeSWQ,78
881,CRi,Never Really Get There - Mixed,7LGnCsigzFh09fNjO8yWAb,17
882,Diplo,Dance with Me (feat. Thomas Rhett & Young Thug),6wXgnhpmOPEJ7cUweSyy2B,73
883,3LAU,Tokyo (feat. XIRA) - Seven Lions Remix (Mixed),0ZBhzomDdpniChHMS0AbzW,14
884,BTS,Fly To My Room,3QH8rQGNFX8VLbCgZ7uPTS,79
885,Jerro,Tunnel Vision - Mixed,4MDdJzvpaODejmxWSqBGKZ,17
886,MAX,Blueberry Eyes (feat. SUGA of BTS),5dn6QANKbf76pANGjMBida,76
887,Dosem,Tower - Mixed,0UdlWWdaSehiYqLB3Ekg60,16
888,Sigala,Lasting Lover,0DmAvNCAK08oCi7miSZUIY,81
889,Sunny Lax,Close To Me - Mixed,3iVQvON5MmO05bVliB996e,15
890,NLE Choppa,Walk Em Down (feat. Roddy Ricch),1Z0cZI0UzNbP9L8MzzGxqf,72
891,Spencer Brown,Foggy August - Mixed,3REFe3MXp7IIlLnW2jpdLG,15
892,Playboi Carti,New N3on,7ejepEh5DJ79YI6owGRfkk,70
893,Ilan Bluestone,Paid For Love - Mixed,2q8nBGwsDl39dbGyA0RRlF,15
894,Jhené Aiko,P*$$Y Fairy (OTW),48KXAIruJ07kJVCWOGohMV,71
895,Jason Ross,The Accord - Mixed,3S9oZCbENSe55cs7yqqFRV,15
896,Camilo,Vida de Rico,73nAK3HgQK8dak83Y2WQ8F,87
897,Armin van Buuren,"A State Of Trance (ASOT 991) - ASOT Tune Of The Year 2020 voting now open: vote.astateoftrance.com, Pt. 3",7bPhqHzOvdsw5y6reuJz52,15
898,Ashe,Moral of the Story (feat. Niall Horan),2NWVdwbd2hPIzC2lyf4y63,75
899,Armin van Buuren,"A State Of Trance (ASOT 992) - ASOT Tune Of The Year 2020 voting now open: vote.astateoftrance.com, Pt. 1",137DXi38xjPq44uT3npk5f,16
900,Moneybagg Yo,Said Sum (feat. City Girls & DaBaby) - Remix,13VXVxePp4NUiXwtmQ0viz,70
901,Armin van Buuren,"A State Of Trance (ASOT 992) - ASOT Tune Of The Year 2020 voting now open: vote.astateoftrance.com, Pt. 3",4ZLDQDJ8OYBlitjLghJWKI,16
902,Anuel AA,Hasta Que Dios Diga,06s3QtMJVXw1AJX3UfvZG1,79
903,Armin van Buuren,"A State Of Trance (ASOT 991) - ASOT Tune Of The Year 2020 voting now open: vote.astateoftrance.com, Pt. 1",4fKTb9Rb4HfjoswfQBTJxF,15
904,BTS,Telepathy,2FVpOsjT1iquZ3SpCjZ9Ne,79
905,Armin van Buuren,"A State Of Trance (ASOT 991) - ASOT Tune Of The Year 2020 voting now open: vote.astateoftrance.com, Pt. 2",3XjZbwTQxq2EaFQUSUwozE,15
906,Oliver Tree,Alien Boy,3BIIJgBJJ7NhhCv4MI6n7w,72
907,Dim3nsion,Feel The Waves (FYHYM2020),2zs8H537368S5dlpRY2i8F,14
908,Gabby Barrett,I Hope (feat. Charlie Puth),5cYFwgA5dHoqR3xGnlr9ew,71
909,Armin van Buuren,"A State Of Trance (ASOT 992) - ASOT Tune Of The Year 2020 voting now open: vote.astateoftrance.com, Pt. 2",1Erw27vIC5o4pkOb4nC0Kx,16
910,Jack Harlow,I WANNA SEE SOME ASS (feat. jetsonmade),2aWVaW1p2kUc5yuKwBmRJi,71
911,Super8 & Tab,Calm The Storm (FYHYM2020),7bdMwR71KXo7opyOYW28XM,13
912,Taylor Swift,closure,35rdVq36LMHQX0Suw9a6tK,72
913,Darren Tate,Let The Light Shine In (FYHYM2020) - Crusy & Jose de Mara Remix,2CeGWtckWaa5ZxmTPpdlQj,16
914,Troye Sivan,Easy (with Kacey Musgraves feat. Mark Ronson),4XWaUb7mKRcJR5RPp4IIDr,74
915,Vassage,Capacitor,7nTh0tsxS8SApfKVajs8xD,11
916,Phoebe Bridgers,Kyoto,49UDOG8DoBajXTJSTqfRMg,71
917,2Loop,On The Board,68W3tM4Io56O03shZ5xKy4,11
918,Giveon,FAVORITE MISTAKE,4rHIfYRQw6ittRQXAlurk0,71
919,A-mase,The First Step,1u757PYYrVTh8S1jKZJA5E,11
920,Sam Hunt,Hard To Forget,10xuH52YSXHWFwCaF1fsDd,69
921,2Loop,"Clock, Time of Live!",3vIRg3piJWagbiaEAcfLuQ,11
922,Thomas Rhett,On Me (feat. Ava Max),7k6tAZp4m93oswrPqSfBbc,72
923,The Sea The Sea,A Thousand Years,2y18KwwFsRDbozWzbdmESx,15
924,Why Don't We,Fallin’ (Adrenaline),5GhJIMWAw0uMLgkdbt6uMz,76
925,Graham Bell,Pam Pam (Phat Bass) [FYMYM2020],6xKYwkJwFGrv9W5Q30ekOD,16
926,Nio Garcia,La Jeepeta - Remix,1mohfLaTJtB2RplHLQVM70,81
927,Years & Years,King,4F7OhGzwdeqecEQTavdBsF,13
928,Kameron Marlowe,Burn 'Em All,2UBvtKeetnXn6lMnsBUrZz,69
929,Jazz Instrumental Relax Center,Jazz Lounge,6QeeeNjvbZMqcRp6e5BIel,19
930,Luke Combs,Without You,3zxAw8PaqpeGZ3Pakkxv3J,69
931,Sam Hunt,Body Like A Back Road,4kgaMzbdAgxWBglWt0xTR9,10
932,Justin Morales,Desde Morro,5u6lAvdS8mmHHTHQlC3TtN,73
933,Morgan Page,Our Song (FYHYM2020) - Orjan Nilsen Remix,3DmwSmuxaNGs0MzYSO6Cya,13
934,Don Toliver,Cardigan,0Li1OuXXfi7950ilZUFGkF,71
935,Paul Denton,Let You Go - Mixed,19pmKyc4Bj1LPCrMrhZgIC,18
936,All Time Low,Monsters (feat. Demi Lovato and blackbear),50DMJJpAeQv4fIpxZvQz2e,72
937,Alex Kunnari,The Love You Give (FYHYM2020) - BUMA Remix,7prG902H58Ppnfoeo0ZLQw,15
938,Olivia Rodrigo,All I Want,1v6svH1Fyx9C1nIt1mA2DT,75
939,Winter Warm Up Jazz,Let's Put the Year to Bed,0vak1oPiTnzC32ydpB9pBD,9
940,CORPSE,Never Satisfied,04bEhujOxzNrXeideMtFuR,72
941,Armin van Buuren,Need You Now,2bbvSTjYhCuqoSK8SwW0NZ,19
942,Flo Milli,In The Party,52BJrldggFQyTiW8XrILhO,71
943,Soyoco,secret base 〜君がくれたもの〜(10 years after Ver.) (あの日見た花の名前を僕達はまだ知らない。),5r9S4HZV1x2EgbQmHHjgr9,19
944,Lil Uzi Vert,Bean (Kobe) [feat. Chief Keef],0IpnZchq8ek2A6pGEP2Qb1,69
945,System F,Out Of The Blue (FYHYM2020) - Ilan Bluestone Remix,0nzFdUyWINjRAm7FiMtiZM,15
946,Shawn Mendes,Monster (Shawn Mendes & Justin Bieber),1HbA4N1MiOsPthALesGFR1,80
947,Giuseppe Ottaviani,I Believe,3Y3SIU7uQ8OzXNKULVmm1L,21
948,Playboi Carti,Place,1Bg2CNZw6S4e9cGWPmi0uI,70
949,Oliver Smith,Sacrifice - Mixed,09gnwRV8fe72A3kjF46vZz,14
950,Tate McRae,r u ok,7rq1zCf90CnU7OalBLIgNp,76
951,Mat Zo,Colours - Mixed,4LzzLZzl097CXVLh38E8ZI,14
952,Bad Bunny,TE DESEO LO MEJOR,23XjN1s3DZC8Q9ZwuorYY4,77
953,Elysian,Water - Mixed,186PBUBTBf6k79xVusJbMx,14
954,Trippie Redd,Excitement,3WnTQDd9A3bpBfzCziElU9,71
955,Above & Beyond,Blue Monday - Mixed,0nDqnTCNjwRxCAPHrJ9JeR,15
956,Twenty One Pilots,Level of Concern,6xZ4Q2k2ompmDppyeESIY8,74
957,Fatum,We’re All In This Together - Above & Beyond Respray (Mixed),7q1uY8mjjNdbVmc9pVA4Fp,15
958,King Von,Armed & Dangerous,2297mxrYLBAC4XkhXs39If,69
959,Jaytech,Feel Free - Mixed,4EmLCPwcQHdlnvIZ9dxp4Z,15
960,A Boogie Wit da Hoodie,"Numbers (feat. Roddy Ricch, Gunna and London On Da Track)",733c1CWmIGymoQXdp7Us88,71
961,Julian Gray,Static - Mixed,0irZqkVeXR9qOqvNgpgqF3,14
962,Money Man,24 (feat. Lil Baby),0xUvi7wldroBzaZCengPa5,71
963,ALPHA 9,All That I Can - Mixed,3ZRZk4o9jSTiyXlREKF7Qx,14
964,Halsey,Graveyard,2ufmtcIFdFpuUYBPXK5f67,73
965,BUMKEY,BETTER DAYS,7uLKlZkikc5Efk0t5y6hEE,19
966,Money Man,24,2FVMbLuIxo0dz3KLXgN6Jh,72
967,Steve Brian,Somebody (FYHYM2020),4PT3lN4iC68AX7A9KAsaHg,13
968,Demi Lovato,I Love Me,2IHLaN6wwYKQ3S24NsQqpA,73
969,Husman,Cyberpunk (FYHYM2020),0gAzFF1gCLE3mD4VdLqwye,13
970,Ava Max,My Head & My Heart,1KixkQVDUHggZMU9dUobgm,82
971,Super8 & Tab,Cova (FYHYM2020),1FlGd6iz1YWoWUGTQ5T3sb,13
972,Piso 21,Más De La Una,69Y5IZuBvGyzySFt5x7kCq,83
973,Fisherman,Heartcore (FYHYM2020),5h9WPPVrjzyYmxV1c3N6rw,13
974,Lil Yachty,Oprah’s Bank Account (Lil Yachty & DaBaby feat. Drake),7wsmIIm0xWmtP7TmACXkJn,71
975,Joel Hirsch,Pieces (FYHYM2020),1uCqBsawdCHCbn2AejwaD7,12
976,Alesso,Midnight (feat. Liam Payne),4ZTTUAjJCd4NMZmIU7RB4c,77
977,Omnia,NVRLND (FYHYM2020),1vM7L8PWKH1pAm71ME60l1,13
978,Water Sound Natural White Noise,Deep Sleep Recovery Noise,5pGBDKBaR63vuJ4g8ialcU,72
979,Armin van Buuren,Illusion (Year in Review 2020),258Qvimy5hnbACEbOshAR0,12
980,Tyla Yaweh,Stuntin' On You (feat. DaBaby),341lTIxmhybbQsgydwJiFx,72
981,The Cog is Dead,Loverboy (Remastered 2020),7EjL6vahiFxgED3T1tg5Nh,10
982,Lil Tjay,None of Your Love,7v4mJk4E0aox4kZgCDUZfe,72
983,Chinese New Year Collective,Sai Ma,3ORuNhZXp9PZlab5pLO60b,15
984,Travis Scott,"FRANCHISE (feat. Future, Young Thug & M.I.A.) - REMIX",6qUabsNxudatEFedWGHoDh,72
985,Yotto,Tarantia (Year in Review 2020),1wr3qOc3GvJc23FTo7TSKL,12
986,iann dior,Prospect (ft. Lil Baby),4iHSE5R1U8jf84tRn52xRt,70
987,Pavel Khvaleev,Everything (Year in Review 2020),3rEc8E8AaAtYzPc7Fwewqc,12
988,Kehlani,Toxic,5nexAvWNhwg51EavnDgViy,71
989,Spencer Brown,Ariel (Year in Review 2020),0AvHpqHmHwuYaN78QYlkrF,11
990,Lele Pons,Se Te Nota (with Guaynaa),11EnQRgRMJwMAesfkB5pnu,86
991,Ben McConnell,Ziba (Year in Review 2020),67giIqrr3JT2brP2Iqun0j,11
992,Jeezy,Back (feat. Yo Gotti),5OtK4qowbxqNC2dueZR3ju,70
993,Seventeen Years Old And Berlin Wall,"Prism - (Live at Shibuya O-nest, Tokyo, 2020)",1D1Iqteuw4LZuhPg0RSQET,1
994,MASN,Psycho!,56fkAaSu91c1E2k43wGPFC,75
995,Corti Organ,Better One (FYHYM2020),47UYZ5izgMkV0ecHIbw8f7,13
996,Lil Uzi Vert,That Way,5raTDhlbxFDnpn89bxArdH,70
997,October,Cherry Blossom - 2020 Remastered,798mMFomXqcuVIvRKGSdhn,11
998,DUSTY LOCANE,Rolando (Caught In The Rain),14mc78ctIxHOMYz5fWja7Q,74
999,Cosmic Gate,The Launch (FYHYM2020),34C41c7nyqnEMcqv1E7zhe,13
