,Product Name,Price,Rating (out of 5),URL
0,"XFX AMD Radeon RX 580 GTS XXX Edition Graphics Card, 8GB GDDR5, PCIe 3.0, Zero dB Auto Load Sensing Fans, 1 x DL-DVI-D 1 x HDMI 2.0b 3 x DisplayPort 1.4 w/ Mytrix HDMI 2.1 Cable(4k@120Hz/8K@60Hz)",699.99,,https://www.amazon.com/gp/slredirect/picassoRedirect.html/ref=pa_sp_atf_aps_sr_pg1_1?ie=UTF8&adId=A00413352IJP0QZKRIVTL&url=%2FRadeon-Graphics-Sensing-DL-DVI-D-DisplayPort%2Fdp%2FB08WPMN9D4%2Fref%3Dsr_1_1_sspa%3Fdchild%3D1%26keywords%3Dgpu%26qid%3D1613806980%26sr%3D8-1-spons%26psc%3D1&qualifier=1613806980&id=3112866730779731&widgetName=sp_atf
1,"ASUS Phoenix GeForce GTX 1650 OC Edition Graphics Card, 4GB 128-Bit GDDR6, PCIe 3.0, Auto-Extreme Technology, 1 x DVI-D 1 x HDMI 2.0b 1 x DisplayPort 1.4 w/ Mytrix HDMI 2.1 Cable(4k@120Hz/8K@60Hz)",369.99,,https://www.amazon.com/gp/slredirect/picassoRedirect.html/ref=pa_sp_atf_aps_sr_pg1_1?ie=UTF8&adId=A06975932TPTM5NGLHL5H&url=%2FPhoenix-Graphics-Auto-Extreme-Technology-DisplayPort%2Fdp%2FB08WRJJT8N%2Fref%3Dsr_1_2_sspa%3Fdchild%3D1%26keywords%3Dgpu%26qid%3D1613806980%26sr%3D8-2-spons%26psc%3D1&qualifier=1613806980&id=3112866730779731&widgetName=sp_atf
2,"ASUS TUF Gaming NVIDIA GeForce RTX 3070 OC Edition Graphics Card PCIe 4.0, 8GB GDDR6, HDMI 2.1 , DisplayPort 1.4a, Dual Ball Fan Bearings, GPU Tweak II w/ Mytrix HDMI 2.1 Cable",1599.99,1.0,https://www.amazon.com/Gaming-GeForce-Graphics-DisplayPort-Bearings/dp/B08WBW83C6/ref=sr_1_3?dchild=1&keywords=gpu&qid=1613806980&sr=8-3
3,HHCJ6 Dell NVIDIA Tesla K80 24GB GDDR5 PCI-E 3.0 Server GPU Accelerator (Renewed),199.0,3.9,https://www.amazon.com/Dell-Tesla-K80-Accelerator-Refurbished/dp/B07GJ45V3D/ref=sr_1_4?dchild=1&keywords=gpu&qid=1613806980&sr=8-4
4,Gigabyte Geforce GTX 1050 Ti OC 4GB GDDR5 128 Bit PCI-E Graphic Card (GV-N105TOC-4GD),309.99,4.6,https://www.amazon.com/Gigabyte-Geforce-GDDR5-Graphic-GV-N105TOC-4GD/dp/B01M25X363/ref=sr_1_5?dchild=1&keywords=gpu&qid=1613806980&sr=8-5
5,"CloverTale Graphics Card GPU Brace Support, Video Card Sag Holder Bracket, Anodized Aerospace Aluminum (Upgraded Version Black)",12.99,4.3,https://www.amazon.com/CloverTale-Aerospace-Upgraded-Version-Black/dp/B077LGLN4G/ref=sxin_9?ascsubtag=amzn1.osa.074674ad-2a62-41c0-9e17-17df8c80f73c.ATVPDKIKX0DER.en_US&creativeASIN=B077LGLN4G&cv_ct_cx=gpu&cv_ct_id=amzn1.osa.074674ad-2a62-41c0-9e17-17df8c80f73c.ATVPDKIKX0DER.en_US&cv_ct_pg=search&cv_ct_we=asin&cv_ct_wn=osp-single-source-earns-comm&dchild=1&keywords=gpu&linkCode=oas&pd_rd_i=B077LGLN4G&pd_rd_r=677c65ff-9a22-4b91-880b-0befcf1eff37&pd_rd_w=WEXqw&pd_rd_wg=I2KDr&pf_rd_p=f4a3aafa-93d3-4be9-a7f4-4d5c2eff701a&pf_rd_r=WH9EY5NVA29FEGEGHNTD&qid=1613806980&sr=1-1-64f3a41a-73ca-403a-923c-8152c45485fe&tag=digitaltren0b-20
6,"upHere Graphics Card GPU Brace Support Video Card Sag Holder/Holster Bracket, Anodized Aerospace Aluminum, Single or Dual Slot Cards (Black),GL05",9.99,4.4,https://www.amazon.com/upHere-Graphics-Anodized-Aerospace-Aluminum/dp/B076GYL25H/ref=sxin_9?ascsubtag=amzn1.osa.074674ad-2a62-41c0-9e17-17df8c80f73c.ATVPDKIKX0DER.en_US&creativeASIN=B076GYL25H&cv_ct_cx=gpu&cv_ct_id=amzn1.osa.074674ad-2a62-41c0-9e17-17df8c80f73c.ATVPDKIKX0DER.en_US&cv_ct_pg=search&cv_ct_we=asin&cv_ct_wn=osp-single-source-earns-comm&dchild=1&keywords=gpu&linkCode=oas&pd_rd_i=B076GYL25H&pd_rd_r=677c65ff-9a22-4b91-880b-0befcf1eff37&pd_rd_w=WEXqw&pd_rd_wg=I2KDr&pf_rd_p=f4a3aafa-93d3-4be9-a7f4-4d5c2eff701a&pf_rd_r=WH9EY5NVA29FEGEGHNTD&qid=1613806980&sr=1-2-64f3a41a-73ca-403a-923c-8152c45485fe&tag=digitaltren0b-20
7,"Atlas Brace Fourth Level Manufacturing, Graphics Card Brace Support. Video Card Holder, GPU Brace, for Custom Desktop Pc Gaming. Acrylic GPU Stand case mod. Bitcoin, Mining",13.99,3.9,https://www.amazon.com/Graphics-Support-Holder-Gaming-Bitcoin/dp/B01DQK7DDW/ref=sxin_9?ascsubtag=amzn1.osa.074674ad-2a62-41c0-9e17-17df8c80f73c.ATVPDKIKX0DER.en_US&creativeASIN=B01DQK7DDW&cv_ct_cx=gpu&cv_ct_id=amzn1.osa.074674ad-2a62-41c0-9e17-17df8c80f73c.ATVPDKIKX0DER.en_US&cv_ct_pg=search&cv_ct_we=asin&cv_ct_wn=osp-single-source-earns-comm&dchild=1&keywords=gpu&linkCode=oas&pd_rd_i=B01DQK7DDW&pd_rd_r=677c65ff-9a22-4b91-880b-0befcf1eff37&pd_rd_w=WEXqw&pd_rd_wg=I2KDr&pf_rd_p=f4a3aafa-93d3-4be9-a7f4-4d5c2eff701a&pf_rd_r=WH9EY5NVA29FEGEGHNTD&qid=1613806980&sr=1-3-64f3a41a-73ca-403a-923c-8152c45485fe&tag=digitaltren0b-20
8,Asus GeForce GTX 1050 Ti 4GB Phoenix Fan Edition DVI-D HDMI DP 1.4 Gaming Graphics Card (PH-GTX1050TI-4G) Graphic Cards,274.99,4.7,https://www.amazon.com/ASUS-Geforce-Phoenix-Graphics-PH-GTX1050TI-4G/dp/B01M360WG6/ref=sr_1_6?dchild=1&keywords=gpu&qid=1613806980&sr=8-6
9,MSI GAMING GeForce GT 710 1GB GDRR3 64-bit HDCP Support DirectX 12 OpenGL 4.5 Heat Sink Low Profile Graphics Card (GT 710 1GD3H LPV1),49.59,4.4,https://www.amazon.com/MSI-GT-710-1GD3H-LPV1/dp/B01DOFD3RY/ref=sr_1_7?dchild=1&keywords=gpu&qid=1613806980&sr=8-7
10,GIGABYTE GeForce GTX 1660 Ti OC 6G 192-bit GDDR6 DisplayPort 1.4 HDMI 2.0B with Windforce 2X Cooling System Graphic Cards- Gv-N166TOC-6GD,679.99,4.7,https://www.amazon.com/GIGABYTE-GeForce-DisplayPort-Windforce-Gv-N166TOC-6GD/dp/B07NJPKZQG/ref=sr_1_8?dchild=1&keywords=gpu&qid=1613806980&sr=8-8
11,"XFX Radeon RX 580 GTS XXX Edition 1386MHz OC+, 8GB GDDR5, VR Ready, Dual BIOS, 3xDP HDMI DVI, AMD Graphics Card (RX-580P8DFD6)",,4.5,https://www.amazon.com/XFX-Radeon-1386MHz-Graphics-RX-580P8DFD6/dp/B06Y66K3XD/ref=sr_1_9?dchild=1&keywords=gpu&qid=1613806980&sr=8-9
12,"ASUS Phoenix GeForce GTX 1650 OC Edition Graphics Card, 4GB 128-Bit GDDR6, PCIe 3.0, Auto-Extreme Technology, 1 x DVI-D 1 x HDMI 2.0b 1 x DisplayPort 1.4 w/ Mytrix HDMI 2.1 Cable(4k@120Hz/8K@60Hz)",369.99,,https://www.amazon.com/Phoenix-Graphics-Auto-Extreme-Technology-DisplayPort/dp/B08WRJJT8N/ref=sr_1_10?dchild=1&keywords=gpu&qid=1613806980&sr=8-10
13,"XFX AMD Radeon RX 580 GTS XXX Edition Graphics Card, 8GB GDDR5, PCI Express 3.0,  VR-Ready, Zero dB Auto Load Sensing Fans, 1 x DL-DVI-D 1 x HDMI 2.0b 3 x DisplayPort 1.4 w/ Mytrix HDMI Cable",689.99,,https://www.amazon.com/gp/slredirect/picassoRedirect.html/ref=pa_sp_mtf_aps_sr_pg1_1?ie=UTF8&adId=A0041235P79L8OCWQON7&url=%2FGraphics-Express-VR-Ready-DL-DVI-D-DisplayPort%2Fdp%2FB08WNM1N7D%2Fref%3Dsr_1_11_sspa%3Fdchild%3D1%26keywords%3Dgpu%26qid%3D1613806980%26sr%3D8-11-spons%26psc%3D1&qualifier=1613806980&id=3112866730779731&widgetName=sp_mtf
14,Antec Graphics Card GPU Brace Support Video Card Sag Holder Holster Bracket Anodized Aerospace Aluminum Black,19.99,,https://www.amazon.com/Antec-Graphics-Anodized-Aerospace-Aluminum/dp/B08S2RWY9F/ref=sr_1_12?dchild=1&keywords=gpu&qid=1613806980&sr=8-12
15,"MSI Computer Video Graphic Cards GeForce GTX 1050 TI GAMING X 4G, 4GB",349.99,4.6,https://www.amazon.com/MSI-GeForce-GTX-1050-TI/dp/B01MA62JSZ/ref=sr_1_13?dchild=1&keywords=gpu&qid=1613806980&sr=8-13
16,PowerColor Red Devil AMD Radeon RX 5700 XT 8GB AXRX 5700XT 8GBD6-3DHE/OC,,4.4,https://www.amazon.com/PowerColor-Devil-Radeon-GDDR6-Graphics/dp/B07WP6TYQ3/ref=sr_1_14?dchild=1&keywords=gpu&qid=1613806980&sr=8-14
17,MSI Gaming Radeon RX 5600 XT Boost Clock: 1620 MHz 192-bit 6GB GDDR6 DP/HDMI Dual Torx 3.0 Fans Freesync DirectX 12 Ready Graphics Card (RX 5600 XT GAMING MX),,4.6,https://www.amazon.com/MSI-Radeon-RX-5600-XT/dp/B08CKDLN91/ref=sr_1_15?dchild=1&keywords=gpu&qid=1613806980&sr=8-15
18,"ASUS TUF Gaming NVIDIA GeForce RTX 3070 OC Edition Graphics Card PCIe 4.0, 8GB GDDR6, HDMI 2.1 , DisplayPort 1.4a, Dual Ball Fan Bearings, GPU Tweak II w/ Mytrix HDMI 2.1 Cable",1599.99,1.0,https://www.amazon.com/gp/slredirect/picassoRedirect.html/ref=pa_sp_mtf_aps_sr_pg1_1?ie=UTF8&adId=A096107425IQQG9TWLUM&url=%2FGaming-GeForce-Graphics-DisplayPort-Bearings%2Fdp%2FB08WBW83C6%2Fref%3Dsr_1_16_sspa%3Fdchild%3D1%26keywords%3Dgpu%26qid%3D1613806980%26sr%3D8-16-spons%26psc%3D1&qualifier=1613806980&id=3112866730779731&widgetName=sp_mtf
19,"XFX Radeon RX 570 RS XXX Edition 1286MHz, 8gb GDDR5, DX12 VR Ready, Dual BIOS, 3xDP HDMI DVI, AMD Graphics Card (RX-570P8DFD6)",,4.6,https://www.amazon.com/XFX-Radeon-1286MHz-Graphics-RX-570P8DFD6/dp/B077VX31FZ/ref=sr_1_17?dchild=1&keywords=gpu&qid=1613806980&sr=8-17
20,MSI Gaming GeForce GTX 1660 Super 192-bit HDMI/DP 6GB GDRR6 HDCP Support DirectX 12 Dual Fan VR Ready OC Graphics Card (GTX 1660 Super Gaming X),,4.8,https://www.amazon.com/MSI-GeForce-192-bit-Support-Graphics/dp/B07ZK69HDK/ref=sr_1_18?dchild=1&keywords=gpu&qid=1613806980&sr=8-18
21,ASUS ROG Strix AMD Radeon RX 5700XT Overclocked 8G GDDR6 HDMI DisplayPort Gaming Graphics Card (ROG-STRIX-RX5700XT-O8G-GAMING),,4.5,https://www.amazon.com/Radeon-Installed-Triple-Model-ROG-STRIX-RX5700XT-O8G-GAMING/dp/B07XC5CQDK/ref=sr_1_19?dchild=1&keywords=gpu&qid=1613806980&sr=8-19
22,MSI Gaming Radeon RX 5500 XT Boost Clock: 1845 MHz 128-bit 8GB GDDR6 DP/HDMI Dual Torx 3.0 Fans Crossfire Freesync VR Ready Graphics Card (RX 5500 XT Gaming X 8G),,4.6,https://www.amazon.com/MSI-Gaming-RX-5500-XT/dp/B082G34GSL/ref=sr_1_20?dchild=1&keywords=gpu&qid=1613806980&sr=8-20
23,BTO Gaming NVIDIA GeForce GT 1030 2GB DisplayPort HDMI PCI-E Video Graphics Card Dual Monitor Support for Desktop and Computer Tower Compatible with Dell Hp and Lenovo Pcs up to 6th gen Intel Proc,124.98,4.0,https://www.amazon.com/gp/slredirect/picassoRedirect.html/ref=pa_sp_btf_aps_sr_pg1_1?ie=UTF8&adId=A09270822ZCDTOYPTJMOM&url=%2FBTO-DisplayPort-Graphics-Computer-Compatible%2Fdp%2FB08KHN9L53%2Fref%3Dsr_1_21_sspa%3Fdchild%3D1%26keywords%3Dgpu%26qid%3D1613806980%26sr%3D8-21-spons%26psc%3D1&qualifier=1613806980&id=3112866730779731&widgetName=sp_btf
24,"Brace Support Bracket Graphics Card GPU Brace Support, Video Card Sag Holder/Holster/Bracket, Anodized Aerospace Aluminum, Single or Dual Slot Cards (Red)",13.69,4.7,https://www.amazon.com/gp/slredirect/picassoRedirect.html/ref=pa_sp_btf_aps_sr_pg1_1?ie=UTF8&adId=A061709417I1J85O6BZBF&url=%2FSupport-Graphics-Anodized-Aerospace-Aluminum%2Fdp%2FB08F7MBL6T%2Fref%3Dsr_1_22_sspa%3Fdchild%3D1%26keywords%3Dgpu%26qid%3D1613806980%26sr%3D8-22-spons%26psc%3D1&qualifier=1613806980&id=3112866730779731&widgetName=sp_btf
25,"HP 8200 Desktop Computer, Quad core i5 2400 Upto 3.4GHz, 16GB Ram, 250GB SSD + 2TB HDD, 2GB Nvidia GeForce GT710 4K Video Card, Windows 10 Pro 64-bit (Renewed)",299.94,,https://www.amazon.com/gp/slredirect/picassoRedirect.html/ref=pa_sp_atf_next_aps_sr_pg2_1?ie=UTF8&adId=A0356394H0QAJ7TURKHE&url=%2FHP-8200-Computer-Certified-Refurbished%2Fdp%2FB071K9X2LF%2Fref%3Dsr_1_17_sspa%3Fdchild%3D1%26keywords%3Dgpu%26qid%3D1613806980%26sr%3D8-17-spons%26psc%3D1&qualifier=1613806991&id=5110714236769517&widgetName=sp_atf_next
26,HP Z640 Tower - Intel Xeon E5-2630 V3 2.4GHz 8 Core - 96GB DDR4 RAM - LSI 9217 4i4e SAS SATA Raid Card - 2TB (2X New 1TB SSD Enterprise) - NVIDIA GEFORCE GTX 1660 6GB - PSU - Windows 10 PRO (Renewed),1404.99,,https://www.amazon.com/gp/slredirect/picassoRedirect.html/ref=pa_sp_atf_next_aps_sr_pg2_1?ie=UTF8&adId=A06009233MPK58O4TNOSD&url=%2FHP-Z640-Tower-E5-2630-Enterprise%2Fdp%2FB08943N75M%2Fref%3Dsr_1_18_sspa%3Fdchild%3D1%26keywords%3Dgpu%26qid%3D1613806980%26sr%3D8-18-spons%26psc%3D1&qualifier=1613806991&id=5110714236769517&widgetName=sp_atf_next
27,"ASUS TUF Gaming AMD Radeon RX 6800 OC Edition Graphics Card (PCIe 4.0, 16GB GDDR6, HDMI 2.1, DisplayPort 1.4a, Dual Ball Fan Bearings, All-Aluminum Shroud, Reinforced Frame, GPU Tweak II)",,5.0,https://www.amazon.com/ASUS-Graphics-DisplayPort-All-Aluminum-Reinforced/dp/B08P3YT3MY/ref=sr_1_19?dchild=1&keywords=gpu&qid=1613806980&sr=8-19
28,"Gigabyte GV-N207SWF3OC-8GD GeForce RTX 2070 Super Windforce OC 8G Graphics Card, 3X Windforce Fans, 8GB 256-Bit GDDR6, Video Card",,4.8,https://www.amazon.com/GIGABYTE-GeForce-Windforce-Graphics-GV-N207SWF3OC-8GD/dp/B07WN6RVHH/ref=sr_1_20?dchild=1&keywords=gpu&qid=1613806980&sr=8-20
29,"ASUS TUF Gaming NVIDIA GeForce GTX 1650 OC Edition Graphics Card (PCIe 3.0, 4GB GDDR6 Memory, HDMI, DisplayPort, DVI-D, 1x 6-pin Power Connector, IP5X Dust Resistance, Space-Grade Lubricant)",,4.9,https://www.amazon.com/ASUS-DisplayPort-Connector-Resistance-Space-Grade/dp/B08G5CQMJ3/ref=sr_1_21?dchild=1&keywords=gpu&qid=1613806980&sr=8-21
30,"Gigabyte Gv-N1660OC-6GD GeForce GTX 1660 OC 6G Graphics Card, 2X Windforce Fans, 6GB 192-Bit GDDR5, Video Card",,4.8,https://www.amazon.com/Gigabyte-GeForce-Graphics-Windforce-Gv-N1660OC-6GD/dp/B07P76G428/ref=sr_1_22?dchild=1&keywords=gpu&qid=1613806980&sr=8-22
31,"EVGA 06G-P4-1667-KR GeForce GTX 1660 Ti SC Ultra Gaming, 6GB GDDR6, Dual Fan",,4.7,https://www.amazon.com/EVGA-GeForce-Ultra-Gaming-06G-P4-1667-KR/dp/B07RJGK1PW/ref=sr_1_23?dchild=1&keywords=gpu&qid=1613806980&sr=8-23
32,"EVGA 06G-P4-1163-KR GeForce Graphics Cards, GTX 1660, XC Gaming",,4.7,https://www.amazon.com/EVGA-GeForce-Overclocked-Extreme-06G-P4-1163-KR/dp/B07PHQHFCQ/ref=sr_1_24?dchild=1&keywords=gpu&qid=1613806980&sr=8-24
33,"ZOTAC Gaming GeForce GTX 1660 6GB GDDR5 192-bit Gaming Graphics Card, Super Compact, ZT-T16600K-10M",,4.8,https://www.amazon.com/ZOTAC-GeForce-192-bit-Graphics-ZT-T16600K-10M/dp/B07XV7FNR2/ref=sr_1_25?dchild=1&keywords=gpu&qid=1613806980&sr=8-25
34,"ZOTAC Gaming GeForce RTX 2060 6GB GDDR6 192-bit Gaming Graphics Card, Super Compact, ZT-T20600H-10M",,4.7,https://www.amazon.com/ZOTAC-GeForce-192-bit-Graphics-ZT-T20600H-10M/dp/B07TDN1SC5/ref=sr_1_26?dchild=1&keywords=gpu&qid=1613806980&sr=8-26
35,"DDR3 Video Card, come with PCI express 3.0 slot, with lower working temperature, 64 bit graphics card",61.99,,https://www.amazon.com/gp/slredirect/picassoRedirect.html/ref=pa_sp_mtf_aps_sr_pg2_1?ie=UTF8&adId=A093261324AFLAXX2277J&url=%2FVideo-express-working-temperature-graphics%2Fdp%2FB08W58B2D5%2Fref%3Dsr_1_27_sspa%3Fdchild%3D1%26keywords%3Dgpu%26qid%3D1613806980%26sr%3D8-27-spons%26psc%3D1&qualifier=1613806991&id=5110714236769517&widgetName=sp_mtf
36,"Computer GPU Water Cooling Block, Cooling Block Copper Base POM Cover with Waterway for DIY PC Gamer with Waterway Component",,5.0,https://www.amazon.com/gp/slredirect/picassoRedirect.html/ref=pa_sp_mtf_aps_sr_pg2_1?ie=UTF8&adId=A01418412TG1FX5VTC8B4&url=%2FComputer-Cooling-Copper-Waterway-Component%2Fdp%2FB07WG37VKJ%2Fref%3Dsr_1_28_sspa%3Fdchild%3D1%26keywords%3Dgpu%26qid%3D1613806980%26sr%3D8-28-spons%26psc%3D1%26smid%3DA3S88OMZONN8TN&qualifier=1613806991&id=5110714236769517&widgetName=sp_mtf
37,MSI Gaming Radeon RX 570 256-bit 8GB GDRR5 DirectX 12 VR Ready CFX Graphcis Card (RX 570 ARMOR 8G OC),,4.6,https://www.amazon.com/MSI-RX-570-ARMOR-8G/dp/B076Y93L8F/ref=sr_1_29?dchild=1&keywords=gpu&qid=1613806980&sr=8-29
38,MSI Gaming Radeon RX 6800 XT 16GB GDRR6 256-Bit HDMI/DP 2285 MHz RDNA 2 Architecture OC Graphics Card (RX 6800 XT Gaming X Trio 16G),1599.99,3.7,https://www.amazon.com/MSI-Radeon-6800-Architecture-16G/dp/B08RJ6YBH5/ref=sr_1_30?dchild=1&keywords=gpu&qid=1613806980&sr=8-30
39,"EZDIY-FAB Auto RGB GPU Holder Colorful RGB Graphics Card GPU Support Video Card Holder Bracket, Video Card Sag Holder/Holster Bracket",17.99,4.6,https://www.amazon.com/EZDIY-FAB-Colorful-Graphics-Support-Bracket/dp/B0888HBLS6/ref=sr_1_31?dchild=1&keywords=gpu&qid=1613806980&sr=8-31
40,"EZDIY-FAB Vertical Graphics Card Holder Bracket Support with Multi-Angle,GPU Mount,Video Card VGA Support Kit with PCIE3.0 Riser Cable- Black",38.99,,https://www.amazon.com/EZDIY-FAB-Vertical-Graphics-Bracket-Multi-Angle/dp/B08R9P5G8V/ref=sr_1_32?dchild=1&keywords=gpu&qid=1613806980&sr=8-32
41,"EZDIY-FAB Vertical Graphics Card Holder Bracket,GPU Mount,Video Card VGA Support Kit with 20cm/7.8in PCIE 3.0 Riser Cable- White",39.99,,https://www.amazon.com/EZDIY-FAB-Vertical-Graphics-Bracket-Support/dp/B08R9M5RYD/ref=sr_1_33?dchild=1&keywords=gpu&qid=1613806980&sr=8-33
42,"upHere G276ARGB Addressable RGB Graphics Card GPU Brace Support Video Card Sag Holder/Holster Bracket,Built-in ARGB Strip,Anodized Aerospace Aluminum, Adjustable Length and Height Support",15.99,4.0,https://www.amazon.com/upHere-G276ARGB-Addressable-Aerospace-Adjustable/dp/B08DY63SK4/ref=sr_1_34?dchild=1&keywords=gpu&qid=1613806980&sr=8-34
43,"Graphics Card GPU Brace Support Video Card Sag Holder/Holster Bracket, Anodized Aerospace Aluminum, Single Slot Cards Support，Safe Without Magnet（Black）",9.99,5.0,https://www.amazon.com/Graphics-Anodized-Aerospace-Support%EF%BC%8CSafe-Magnet%EF%BC%88Black%EF%BC%89/dp/B08P414LX9/ref=sr_1_35?dchild=1&keywords=gpu&qid=1613806980&sr=8-35
44,MSI Gaming GeForce GTX 1650 128-Bit HDMI/DP 4GB GDRR5 HDCP Support DirectX 12 Dual Fan VR Ready OC Graphics Card (GTX 1650 Gaming X 4G),,4.6,https://www.amazon.com/MSI-GeForce-128-Bit-Support-Graphics/dp/B07QTMRJTK/ref=sr_1_36?dchild=1&keywords=gpu&qid=1613806980&sr=8-36
45,NZXT H510i - CA-H510i-BR - Compact ATX Mid-Tower PC Gaming Case - Front I/O USB Type-C Port - Vertical GPU Mount - Tempered Glass Side Panel - Integrated RGB Lighting - Black/Red,99.99,4.8,https://www.amazon.com/gp/slredirect/picassoRedirect.html/ref=pa_sp_btf_aps_sr_pg2_1?ie=UTF8&adId=A08759285G07Z1Q2V2SD&url=%2FNZXT-H510i-Mid-Tower-Integrated-Water-Cooling%2Fdp%2FB07T81N1LL%2Fref%3Dsr_1_37_sspa%3Fdchild%3D1%26keywords%3Dgpu%26qid%3D1613806980%26sr%3D8-37-spons%26psc%3D1&qualifier=1613806991&id=5110714236769517&widgetName=sp_btf
46,"IETS Graphics Card GPU Support Bracket with Dual Slot Cards， Anodized Aluminum Video Card Sag Holder Brace with Magnetic Base（Available in Black, Silver and red） (Silver)",13.99,5.0,https://www.amazon.com/gp/slredirect/picassoRedirect.html/ref=pa_sp_btf_aps_sr_pg2_1?ie=UTF8&adId=A0834449G92NKRVYNA6B&url=%2FIETS-Graphics-Anodized-Aluminum-Base%25EF%25BC%2588Available%2Fdp%2FB08L4JC1HB%2Fref%3Dsr_1_38_sspa%3Fdchild%3D1%26keywords%3Dgpu%26qid%3D1613806980%26sr%3D8-38-spons%26psc%3D1&qualifier=1613806991&id=5110714236769517&widgetName=sp_btf
47,CAQL CPU & GPU Cooling Fan for Dell Precision M4700 M4800 Laptop Notebook Replacement Accessories P/N:00WGVF & 02K3K7 DC28000DDDL DC28000DEVL DC28000DEDL DC28000DDD0 01G40N 0CMH49,28.45,3.2,https://www.amazon.com/gp/slredirect/picassoRedirect.html/ref=pa_sp_atf_next_aps_sr_pg3_1?ie=UTF8&adId=A09368799DFKPHNFB7XJ&url=%2FCAQL-Precision-Notebook-Replacement-Accessories%2Fdp%2FB084GP8H51%2Fref%3Dsr_1_33_sspa%3Fdchild%3D1%26keywords%3Dgpu%26qid%3D1613806991%26sr%3D8-33-spons%26psc%3D1&qualifier=1613806994&id=1968824947328567&widgetName=sp_atf_next
48,HP Z640 Tower - Intel Xeon E5-2643 V3 3.4GHz 6 Core - 8GB DDR4 RAM - LSI 9217 4i4e SAS SATA Raid Card - New 1TB SSD Enterprise - NVIDIA GEFORCE GTX 1660 6GB - 925W PSU - Windows 10 PRO (Renewed),1084.99,,https://www.amazon.com/gp/slredirect/picassoRedirect.html/ref=pa_sp_atf_next_aps_sr_pg3_1?ie=UTF8&adId=A00784353JBADR772UCIX&url=%2FHP-Z640-Tower-E5-2643-Enterprise%2Fdp%2FB089431YQH%2Fref%3Dsr_1_34_sspa%3Fdchild%3D1%26keywords%3Dgpu%26qid%3D1613806991%26sr%3D8-34-spons%26psc%3D1&qualifier=1613806994&id=1968824947328567&widgetName=sp_atf_next
49,PNY NVIDIA Quadro RTX 4000 - The World’S First Ray Tracing GPU,949.95,4.7,https://www.amazon.com/PNY-NVIDIA-Quadro-RTX-4000/dp/B07P6CDHS5/ref=sr_1_35?dchild=1&keywords=gpu&qid=1613806991&sr=8-35
50,NVIDIA Tesla K40 GPU Computing Processor Graphic Cards 900-22081-2250-000,299.99,5.0,https://www.amazon.com/NVIDIA-Computing-Processor-Graphic-900-22081-2250-000/dp/B00KDRRTB8/ref=sr_1_36?dchild=1&keywords=gpu&qid=1613806991&sr=8-36
51,"ZOTAC Gaming GeForce GTX 1660 Super 6GB GDDR6 192-bit Gaming Graphics Card, Super Compact, ZT-T16620F-10L",,4.7,https://www.amazon.com/ZOTAC-GTX-1660-Graphics-ZT-T16620F-10L/dp/B07Z8PWC6R/ref=sr_1_37?dchild=1&keywords=gpu&qid=1613806991&sr=8-37
52,Gigabyte Radeon RX 580 Gaming 8GB Graphic Cards GV-RX580GAMING-8GD REV2.0,,4.6,https://www.amazon.com/Gigabyte-Radeon-Gaming-Graphic-GV-RX580GAMING-8GD/dp/B0842VMKM5/ref=sr_1_38?dchild=1&keywords=gpu&qid=1613806991&sr=8-38
53,"EZDIY-FAB Vertical Graphics Card Holder Bracket with ARGB 5V 3Pin LED,GPU Mount,Video Card VGA Support Kit with PCIE3.0 Riser Cable- Black",38.99,3.4,https://www.amazon.com/EZDIY-FAB-Vertical-Graphics-Bracket-GPU/dp/B08R9PDBTD/ref=sr_1_39?dchild=1&keywords=gpu&qid=1613806991&sr=8-39
54,"EZDIY-FAB Vertical Graphics Card Holder Bracket,GPU Mount,Video Card VGA Support Kit with 20cm/7.8in PCIE 3.0 Riser Cable",37.99,4.6,https://www.amazon.com/EZDIY-FAB-Vertical-Graphics-Bracket-Support/dp/B08R9PPKYJ/ref=sr_1_40?dchild=1&keywords=gpu&qid=1613806991&sr=8-40
55,"PowerColor Red Dragon AMD Radeon RX 6800 Gaming Graphics Card with 16GB GDDR6 Memory, Powered by AMD RDNA 2, Raytracing, PCI Express 4.0, HDMI 2.1, AMD Infinity Cache",,5.0,https://www.amazon.com/PowerColor-Graphics-Powered-Raytracing-Infinity/dp/B08P2C8XXH/ref=sr_1_41?dchild=1&keywords=gpu&qid=1613806991&sr=8-41
56,MSI G1650VXS4C Gaming GeForce GTX 1650 128-Bit HDMI/DP 4GB GDRR5 HDCP Support DirectX 12 VR Ready OC Graphics Card (GTX 1650 Ventus XS 4G OC),,4.7,https://www.amazon.com/MSI-G1650VXS4C-GeForce-128-Bit-Graphics/dp/B07QPXT4NG/ref=sr_1_42?dchild=1&keywords=gpu&qid=1613806991&sr=8-42
57,"Aukson Video Card Dock, Support Dual TD Compatible Switch, Multistage Anti-Interference Circuit, for Server Debugging, Gpu Computing",58.59,,https://www.amazon.com/gp/slredirect/picassoRedirect.html/ref=pa_sp_mtf_aps_sr_pg3_1?ie=UTF8&adId=A047053519J5G9WPIR73R&url=%2FAukson-Compatible-Multistage-Anti-Interference-Debugging%2Fdp%2FB08T6LCPC1%2Fref%3Dsr_1_43_sspa%3Fdchild%3D1%26keywords%3Dgpu%26qid%3D1613806991%26sr%3D8-43-spons%26psc%3D1&qualifier=1613806994&id=1968824947328567&widgetName=sp_mtf
58,"140CPU65160S Unity Processor 1024 kB, 266 MHz",5009.1,,https://www.amazon.com/gp/slredirect/picassoRedirect.html/ref=pa_sp_mtf_aps_sr_pg3_1?ie=UTF8&adId=A0431611C13G5C75F6AU&url=%2F140CPU65160S-Unity-Processor-1024-266%2Fdp%2FB0894MD7W6%2Fref%3Dsr_1_44_sspa%3Fdchild%3D1%26keywords%3Dgpu%26qid%3D1613806991%26sr%3D8-44-spons%26psc%3D1&qualifier=1613806994&id=1968824947328567&widgetName=sp_mtf
59,Nvidia Quadro K4000 3GB GDDR5 PCIe x16 Dual DisplayPort DVI-I GK104 Video Graphics Card GPU 900-52033-0000-000,192.02,4.3,https://www.amazon.com/Nvidia-Quadro-DisplayPort-Graphics-900-52033-0000-000/dp/B00JKRMMTG/ref=sr_1_45?dchild=1&keywords=gpu&qid=1613806991&sr=8-45
60,"Graphics Card GPU Brace Support, Video Card Sag Holder Bracket, GPU Stand, Anodized Aerospace Aluminum (Black)",9.99,,https://www.amazon.com/Graphics-Support-Anodized-Aerospace-Aluminum/dp/B08PXV9R66/ref=sr_1_46?dchild=1&keywords=gpu&qid=1613806991&sr=8-46
61,"ASUS ROG Strix Riser Cable PCI-E 3.0 x16 High Speed Flexible Extender Card Extension Port, 90 Degree Adapter (240 mm)",59.99,4.6,https://www.amazon.com/ASUS-ROG-Flexible-Extender-Extension/dp/B082G52H1L/ref=sr_1_47?dchild=1&keywords=gpu&qid=1613806991&sr=8-47
62,"upHere GS05CF Rainbow LED Effec Graphics Card GPU Brace Support Video Card Sag Holder/Holster Bracket,Anodized Aerospace Aluminum,Adjustable Length and Height Support",12.99,4.4,https://www.amazon.com/upHere-Graphics-Anodized-Aerospace-Adjustable/dp/B082SPMLND/ref=sr_1_48?dchild=1&keywords=gpu&qid=1613806991&sr=8-48
63,MSI Gaming GeForce RTX 2060 6GB GDRR6 192-bit HDMI/DP Ray Tracing Turing Architecture VR Ready Graphics Card (RTX 2060 GAMING Z 6G),,4.7,https://www.amazon.com/MSI-GeForce-RTX-2060-Architecture/dp/B07MQ36Z6L/ref=sr_1_49?dchild=1&keywords=gpu&qid=1613806991&sr=8-49
64,MSI VGA Graphic Cards RX 580 ARMOR 8G OC,,4.6,https://www.amazon.com/MSI-RX-580-8G-OC/dp/B06XZQMMHJ/ref=sr_1_50?dchild=1&keywords=gpu&qid=1613806991&sr=8-50
65,"EVGA 06G-P4-2068-KR GeForce RTX 2060 KO Ultra Gaming, 6GB GDDR6, Dual Fans, Metal Backplate",,4.7,https://www.amazon.com/EVGA-06G-P4-2068-KR-GeForce-Gaming-Backplate/dp/B083GGYNQ6/ref=sr_1_51?dchild=1&keywords=gpu&qid=1613806991&sr=8-51
66,GPU Brace Graphic Card gpu Support Bracket Universal PC Computer Graphic Card Holder Video Card Stand for Computer Cases Adjustable Aluminium Alloy Black White (Black),,3.8,https://www.amazon.com/Graphic-Universal-Computer-Adjustable-Aluminium/dp/B08P4RZJJT/ref=sr_1_52?dchild=1&keywords=gpu&qid=1613806991&sr=8-52
67,"IETS Graphics Card GPU Support Bracket with Dual Slot Cards， Anodized Aluminum Video Card Sag Holder Brace with Magnetic Base（Available in Black, Silver and red） (red)",14.99,5.0,https://www.amazon.com/gp/slredirect/picassoRedirect.html/ref=pa_sp_btf_aps_sr_pg3_1?ie=UTF8&adId=A08347291SCVXAZ83RHA3&url=%2FIETS-Graphics-Anodized-Aluminum-Base%25EF%25BC%2588Available%2Fdp%2FB08L4HZ5T8%2Fref%3Dsr_1_53_sspa%3Fdchild%3D1%26keywords%3Dgpu%26qid%3D1613806991%26sr%3D8-53-spons%26psc%3D1&qualifier=1613806994&id=1968824947328567&widgetName=sp_btf
68,EVanlak DisplayPort Headless Ghost Display Emulator for PC 4K DP Dummy Plug (fit Headless 1080@60Hz-3840x2160@17hz),7.38,4.4,https://www.amazon.com/gp/slredirect/picassoRedirect.html/ref=pa_sp_atf_next_aps_sr_pg4_1?ie=UTF8&adId=A06107801P5NA2P7HW47D&url=%2FEVanlak-DisplayPort-Headless-Emulator-3840x2160%2Fdp%2FB07YLP1GG4%2Fref%3Dsr_1_49_sspa%3Fdchild%3D1%26keywords%3Dgpu%26qid%3D1613806994%26sr%3D8-49-spons%26psc%3D1&qualifier=1613806999&id=2626476658641940&widgetName=sp_atf_next
69,HD7670 1GB Gaming Graphics Display Video Card 650MHz Core Frequency for DirectX 12 128bit DDR5 Computer Components,86.59,,https://www.amazon.com/gp/slredirect/picassoRedirect.html/ref=pa_sp_atf_next_aps_sr_pg4_1?ie=UTF8&adId=A064053131F6YU1YOAD3P&url=%2FGraphics-Display-Frequency-Computer-Components%2Fdp%2FB08THLFC8W%2Fref%3Dsr_1_50_sspa%3Fdchild%3D1%26keywords%3Dgpu%26qid%3D1613806994%26sr%3D8-50-spons%26psc%3D1&qualifier=1613806999&id=2626476658641940&widgetName=sp_atf_next
70,PNY GeForce RTX 3090 24GB XLR8 Gaming Uprising Epic-X RGB Triple Fan Graphics Card,,4.4,https://www.amazon.com/PNY-GeForce-3090-24GB-XLR8/dp/B08HBVX53D/ref=sr_1_51?dchild=1&keywords=gpu&qid=1613806994&sr=8-51
71,"upHere Graphics Card GPU Brace Support Video Card Sag Holder/Holster Bracket, Anodized Aerospace Aluminum, Single or Dual Slot Cards (Black),GL05",9.99,4.4,https://www.amazon.com/upHere-Graphics-Anodized-Aerospace-Aluminum/dp/B076GYL25H/ref=sr_1_52?dchild=1&keywords=gpu&qid=1613806994&sr=8-52
72,Gigabyte GeForce GT 710 1GB Graphic Cards and Support PCI Express 2.0 X8 Bus Interface. Graphic Cards GV-N710D5-1GL REV2.0,,4.2,https://www.amazon.com/Gigabyte-GeForce-Graphic-Interface-GV-N710D5-1GL/dp/B083DKXF3P/ref=sr_1_53?dchild=1&keywords=gpu&qid=1613806994&sr=8-53
73,MSI Gaming GeForce GTX 1070 Ti 8GB GDRR5 256-bit HDCP Support DirectX 12 SLI Single Fan VR Ready Graphics Card (GTX 1070 TI AERO 8G),,4.7,https://www.amazon.com/MSI-GeForce-GTX-1070-AERO/dp/B076QDSVB4/ref=sr_1_54?dchild=1&keywords=gpu&qid=1613806994&sr=8-54
74,"upHere G276ARGB Addressable RGB Graphics Card GPU Brace Support Video Card Sag Holder/Holster Bracket,Built-in ARGB Strip,Adjustable Length and Height Support 5V ARGB",15.99,4.1,https://www.amazon.com/upHere-G276ARGB-Addressable-Graphics-Adjustable/dp/B08LB3HMFL/ref=sr_1_55?dchild=1&keywords=gpu&qid=1613806994&sr=8-55
75,MSI Gaming GeForce GTX 1660 128-Bit HDMI/DP 6GB GDRR5 HDCP Support DirectX 12 Dual Fan VR Ready OC Graphics Card (GTX 1660 Gaming X 6G),,4.7,https://www.amazon.com/MSI-GeForce-GTX-1660-6G/dp/B07P9G4QK1/ref=sr_1_56?dchild=1&keywords=gpu&qid=1613806994&sr=8-56
76,MSI Gaming Radeon RX 6800 16GB GDRR6 256-Bit HDMI/DP 2105 MHz RDNA 2 Architecture OC Graphics Card (RX 6800 Gaming X Trio 16G),,,https://www.amazon.com/MSI-Radeon-6800-Architecture-16G/dp/B08RHQC4KQ/ref=sr_1_57?dchild=1&keywords=gpu&qid=1613806994&sr=8-57
77,XFX RX 5500 XT Thicc II Pro 8GB GDDR6 3xDisplay Port HDMI PCI-Express 4.0 Graphics Card RX-55XT8DFD6,,4.5,https://www.amazon.com/XFX-3xDisplay-PCI-Express-Graphics-RX-55XT8DFD6/dp/B082KYFDYC/ref=sr_1_58?dchild=1&keywords=gpu&qid=1613806994&sr=8-58
78,140CPU67260 Unity Hot Standby Processor with Multimode Ethernet 140 CPU 672 60,6159.1,,https://www.amazon.com/gp/slredirect/picassoRedirect.html/ref=pa_sp_mtf_aps_sr_pg4_1?ie=UTF8&adId=A0093912E3MPYPSAG1P2&url=%2F140CPU67260-Standby-Processor-Multimode-Ethernet%2Fdp%2FB0894MN768%2Fref%3Dsr_1_59_sspa%3Fdchild%3D1%26keywords%3Dgpu%26qid%3D1613806994%26sr%3D8-59-spons%26psc%3D1&qualifier=1613806999&id=2626476658641940&widgetName=sp_mtf
79,"EKWB EK-Pro GPU WB RTX 6000 Water Block, Nickel/INOX",259.5,,https://www.amazon.com/gp/slredirect/picassoRedirect.html/ref=pa_sp_mtf_aps_sr_pg4_1?ie=UTF8&adId=A082318730GXAJSKV05GS&url=%2FEKWB-EK-Pro-Water-Block-Nickel%2Fdp%2FB08CY314RT%2Fref%3Dsr_1_60_sspa%3Fdchild%3D1%26keywords%3Dgpu%26qid%3D1613806994%26sr%3D8-60-spons%26psc%3D1%26smid%3DA3GO5VFCNOM5I7&qualifier=1613806999&id=2626476658641940&widgetName=sp_mtf
80,PNY NVIDIA Quadro K5200 8GB GDDR5 PCIe3.0 GPU Graphics Card (VCQK5200-PB),680.45,5.0,https://www.amazon.com/PNY-NVIDIA-PCIe3-0-Graphics-VCQK5200-PB/dp/B00MPXS21E/ref=sr_1_61?dchild=1&keywords=gpu&qid=1613806994&sr=8-61
81,"ASUS TUF Gaming AMD Radeon RX 6900 XT OC Edition Graphics Card (PCIe 4.0, 16GB GDDR6, HDMI 2.1, DisplayPort 1.4a, Dual Ball Fan Bearings, All-Aluminum Shroud, Reinforced Frame, GPU Tweak II)",,,https://www.amazon.com/ASUS-Graphics-DisplayPort-All-Aluminum-Reinforced/dp/B08R81J62G/ref=sr_1_62?dchild=1&keywords=gpu&qid=1613806994&sr=8-62
82,Asus GeForce GTX 1660 Super Overclocked 6GB Dual-Fan Evo Edition VR Ready HDMI DisplayPort DVI Graphics Card (DUAL-GTX1660S-O6G-EVO),599.99,4.7,https://www.amazon.com/Overclocked-Dual-Fan-DisplayPort-Graphics-DUAL-GTX1660S-O6G-EVO/dp/B07ZHWQ81N/ref=sr_1_63?dchild=1&keywords=gpu&qid=1613806994&sr=8-63
83,MSI Gaming GeForce RTX 2070 Super 8GB GDRR6 256-Bit HDMI/DP Nvlink Twin-Froze Turing Architecture Overclocked Graphics Card (RTX 2070 Super Gaming X),,4.7,https://www.amazon.com/MSI-Twin-Frozr-Architecture-Overclocked-Graphics/dp/B07YXPVBWW/ref=sr_1_64?dchild=1&keywords=gpu&qid=1613806994&sr=8-64
84,"Graphics Card Support Bracket, GPU Brace Support Video Card Sag Holder/Holster, Single or Dual Slot Cards (Black)",13.99,5.0,https://www.amazon.com/Graphics-Support-Bracket-Holder-Holster/dp/B08P989QF1/ref=sr_1_65?dchild=1&keywords=gpu&qid=1613806994&sr=8-65
85,"EZDIY-FAB Vertical Graphics Card Holder Bracket Support with Multi-Angle,GPU Mount,Video Card VGA Support Kit with PCIE3.0 Riser Cable- White",40.99,,https://www.amazon.com/EZDIY-FAB-Vertical-Graphics-Bracket-Multi-Angle/dp/B08R9MRKRB/ref=sr_1_66?dchild=1&keywords=gpu&qid=1613806994&sr=8-66
86,Gigabyte GV-N1030OC-2GI Nvidia GeForce GT 1030 OC 2G Graphics Card,,4.5,https://www.amazon.com/Gigabyte-GV-N1030OC-2GI-Nvidia-GeForce-Graphics/dp/B07646VQ6T/ref=sr_1_67?dchild=1&keywords=gpu&qid=1613806994&sr=8-67
87,"ASIAHORSE MIN-Muscel Universal Vga Graphics Card GPU Brace Support, Video Card Sag Holder/ Bracket, Anodized Aerospace Aluminum,Single or Dual Slot Cards (Black)",12.99,4.5,https://www.amazon.com/ASIAHORSE-MIN-Muscel-Universal-Graphics-Aerospace/dp/B08L4MZZFM/ref=sr_1_68?dchild=1&keywords=gpu&qid=1613806994&sr=8-68
88,PMOD VGA: VIDEO GRAPHICS ARRAY (Pack of 5),131.87,,https://www.amazon.com/gp/slredirect/picassoRedirect.html/ref=pa_sp_atf_next_aps_sr_pg5_1?ie=UTF8&adId=A02028321N19OM9DUF6U7&url=%2FPMOD-VGA-VIDEO-GRAPHICS-ARRAY%2Fdp%2FB08G8TYQZF%2Fref%3Dsr_1_65_sspa%3Fdchild%3D1%26keywords%3Dgpu%26qid%3D1613806999%26sr%3D8-65-spons%26psc%3D1&qualifier=1613807002&id=7713974882404799&widgetName=sp_atf_next
89,Zahara I/O Shield Replacement for GIGABYTE B365M DS3H Motherboard Backplate IO 16CM,19.99,,https://www.amazon.com/gp/slredirect/picassoRedirect.html/ref=pa_sp_atf_next_aps_sr_pg5_1?ie=UTF8&adId=A07475442Y1MTSB86GD39&url=%2FZahara-Replacement-GIGABYTE-Motherboard-Backplate%2Fdp%2FB08PVMR6D9%2Fref%3Dsr_1_66_sspa%3Fdchild%3D1%26keywords%3Dgpu%26qid%3D1613806999%26sr%3D8-66-spons%26psc%3D1&qualifier=1613807002&id=7713974882404799&widgetName=sp_atf_next
90,"XFX RX 570 4GB GDDR5 RS XXX Edition PCI-Express 3.0 Graphics Card RX-570P427D6,Black/Red",,4.6,https://www.amazon.com/XFX-Radeon-Graphics-Black-RX-570P427D6/dp/B06ZXY43VC/ref=sr_1_67?dchild=1&keywords=gpu&qid=1613806999&sr=8-67
91,"EZDIY-FAB RGB GPU Holder 5V 3-Pin Colorful RGB Graphics Card GPU Support Video Card Holder Bracket, Video Card Sag Holder/Holster Bracket- 309-1",21.99,4.4,https://www.amazon.com/EZDIY-FAB-Colorful-Graphics-Support-Bracket/dp/B084S7X2W8/ref=sr_1_68?dchild=1&keywords=gpu&qid=1613806999&sr=8-68
92,"upHere Graphics Card GPU Brace Support Video Card Sag Holder/Holster Bracket, Anodized Aerospace Aluminum, Single or Dual Slot Cards- White(GL04)",9.99,3.7,https://www.amazon.com/upHere-Graphics-Anodized-Aerospace-Aluminum/dp/B08FM9YKM5/ref=sr_1_69?dchild=1&keywords=gpu&qid=1613806999&sr=8-69
93,Sapphire 11265-67-20G Radeon Pulse RX 580 8GB GDDR5 Dual HDMI / Dual DP OC w/ Backplate (UEFI) PCI-E Graphics Card,,4.6,https://www.amazon.com/Sapphire-11265-67-20G-Radeon-backplate-Graphics/dp/B083W2JP4W/ref=sr_1_70?dchild=1&keywords=gpu&qid=1613806999&sr=8-70
94,"ASUS Phoenix NVIDIA GeForce GTX 1650 OC Edition Gaming Graphics Card (PCIe 3.0, 4GB GDDR6 Memory, HDMI, DisplayPort, DVI-D, Axial-tech Fan Design)",314.95,4.5,https://www.amazon.com/ASUS-Phoenix-Graphics-DisplayPort-Axial-tech/dp/B08G5CH316/ref=sr_1_71?dchild=1&keywords=gpu&qid=1613806999&sr=8-71
95,"MHQJRH Graphics Card GPU Brace Support, Video Card Sag Holder Bracket, Anodized Aerospace Aluminum (Black)",12.99,4.6,https://www.amazon.com/YATENG-Graphics-Anodized-Aerospace-Aluminum/dp/B07S7ZBB51/ref=sr_1_72?dchild=1&keywords=gpu&qid=1613806999&sr=8-72
96,Corsair Hydro X Series XG7 RGB 30-Series Founders Edition GPU Water Block (3080) - Fits NVIDIA GeForce RTX (3080),159.99,4.3,https://www.amazon.com/Corsair-Hydro-Founders-Water-Block/dp/B08NCSXYVX/ref=sr_1_73?dchild=1&keywords=gpu&qid=1613806999&sr=8-73
97,"Graphics Card GPU Brace Support, Video Card Sag Holder Bracket,Adjustable, Stable, Aluminum with anodic Oxidation (Dual, Red)",13.99,,https://www.amazon.com/Graphics-Support-Adjustable-Aluminum-Oxidation/dp/B08N3YDPVY/ref=sr_1_74?dchild=1&keywords=gpu&qid=1613806999&sr=8-74
98,Tangxi Computer GPU Water Cooling Block 50 50 3mm PC Water Cooler Head with POM Cover for Water Cool System Computer,26.59,4.5,https://www.amazon.com/gp/slredirect/picassoRedirect.html/ref=pa_sp_mtf_aps_sr_pg5_1?ie=UTF8&adId=A01908432X8DFPDU7D0VQ&url=%2FTangxi-Computer-Cooling-Cooler-System%2Fdp%2FB07TZS3L4W%2Fref%3Dsr_1_75_sspa%3Fdchild%3D1%26keywords%3Dgpu%26qid%3D1613806999%26sr%3D8-75-spons%26psc%3D1%26smid%3DA1ZS0R4YE7AG81&qualifier=1613807002&id=7713974882404799&widgetName=sp_mtf
99,Hands-On GPU Programming with Python and CUDA: Explore high-performance parallel computing with CUDA,,4.4,https://www.amazon.com/gp/slredirect/picassoRedirect.html/ref=pa_sp_mtf_aps_sr_pg5_1?ie=UTF8&adId=A06317161Z5N0ULO0OB4W&url=%2FHands-Programming-Python-CUDA-high-performance%2Fdp%2F1788993918%2Fref%3Dsr_1_76_sspa%3Fdchild%3D1%26keywords%3Dgpu%26qid%3D1613806999%26sr%3D8-76-spons%26psc%3D1&qualifier=1613807002&id=7713974882404799&widgetName=sp_mtf
100,MSI Gaming GeForce GTX 1660 192-Bit HDMI/DP 6GB GDRR5 HDCP Support DirectX 12 Dual Fan VR Ready OC Graphics Card (GTX 1660 VENTUS XS 6G OC),,4.8,https://www.amazon.com/MSI-GeForce-GTX-1660-OC/dp/B07PBLDV3D/ref=sr_1_77?dchild=1&keywords=gpu&qid=1613806999&sr=8-77
101,PowerColor VGA - AXRX 570 4GBD5-3DHD/OC,,4.5,https://www.amazon.com/PowerColor-570-AXRX-4GBD5-3DHD-OC/dp/B06ZYRRW9T/ref=sr_1_78?dchild=1&keywords=gpu&qid=1613806999&sr=8-78
102,"XFX Radeon RX 580 GTS Black Edition 1405MHz OC+, 8gb 256bit GDDR5, DX12 VR Ready, Double Dissipation, Dual BIOS, 3xDP HDMI DVI, PCI-E AMD Graphics Card (RX-580P828D6)",,4.5,https://www.amazon.com/XFX-1405MHz-Dissipation-Graphics-RX-580P828D6/dp/B072B6W44N/ref=sr_1_79?dchild=1&keywords=gpu&qid=1613806999&sr=8-79
103,"CloverTale Graphics Card GPU Brace Support, Video Card Sag Holder Bracket, Anodized Aerospace Aluminum (Upgraded Version Black)",12.99,4.3,https://www.amazon.com/CloverTale-Aerospace-Upgraded-Version-Black/dp/B077LGLN4G/ref=sr_1_80?dchild=1&keywords=gpu&qid=1613806999&sr=8-80
104,"EZDIY-FAB Vertical Graphics Card Holder Bracket with ARGB 5V 3Pin LED,GPU Mount,Video Card VGA Support Kit with PCIE3.0 Riser Cable- White",40.99,,https://www.amazon.com/EZDIY-FAB-Vertical-Graphics-Bracket-GPU/dp/B08R9PRJZY/ref=sr_1_81?dchild=1&keywords=gpu&qid=1613806999&sr=8-81
105,"XFX Radeon RX 560 1295MHz,4gb GDDR5, 16CU,1024 SP, DX12, DP HDMI DVI, PCI-E AMD Graphics Card (RX-560P4SFG5)",,4.3,https://www.amazon.com/XFX-Radeon-1295MHz-Graphics-RX-560P4SFG5/dp/B072VH8NR5/ref=sr_1_82?dchild=1&keywords=gpu&qid=1613806999&sr=8-82
106,"Gigabyte GeForce RTX 3070 OC Graphics Card, 8GB 256-bit GDDR6, PCI Express 4.0, 3X WINDFORCE Fans, Protection Metal Back Plate, 2 x HDMI 2.1 2 x DisplayPort 1.4a w/ Mytrix HDMI Cable",,,https://www.amazon.com/Gigabyte-Graphics-WINDFORCE-Protection-DisplayPort/dp/B08WJJNT2R/ref=sr_1_83?dchild=1&keywords=gpu&qid=1613806999&sr=8-83
107,Gigabyte GeForce GT 710 2GB Graphic Cards and Support PCI Express 2.0 X8 Bus Interface. Graphic Cards GV-N710D5-2GL,60.92,4.4,https://www.amazon.com/Gigabyte-GeForce-Graphic-Interface-GV-N710D5-2GL/dp/B073SWN4ZM/ref=sr_1_84?dchild=1&keywords=gpu&qid=1613806999&sr=8-84
108,Low Profile Half Height Bracket HDMI + DVI + VGA for ATI Nvidia Video Graphics Card,6.99,,https://www.amazon.com/gp/slredirect/picassoRedirect.html/ref=pa_sp_atf_next_aps_sr_pg6_1?ie=UTF8&adId=A08700441C5OZBQCQD5B4&url=%2FProfile-Height-Bracket-Nvidia-Graphics%2Fdp%2FB08V15FCSD%2Fref%3Dsr_1_81_sspa%3Fdchild%3D1%26keywords%3Dgpu%26qid%3D1613807002%26sr%3D8-81-spons%26psc%3D1&qualifier=1613807005&id=4192165249269440&widgetName=sp_atf_next
109,128MB HP ATI Radeon X300SE DVI-I TV-out PCI-Express (Low Profile) 361266-001 (Renewed),15.88,3.0,https://www.amazon.com/gp/slredirect/picassoRedirect.html/ref=pa_sp_atf_next_aps_sr_pg6_1?ie=UTF8&adId=A074376631XNTO8XA3UP8&url=%2FHP-PCI-Express-361266-001-Certified-Refurbished%2Fdp%2FB07GVQR496%2Fref%3Dsr_1_82_sspa%3Fdchild%3D1%26keywords%3Dgpu%26qid%3D1613807002%26sr%3D8-82-spons%26psc%3D1%26smid%3DA2PPAQ0HB5ZJXA&qualifier=1613807005&id=4192165249269440&widgetName=sp_atf_next
110,"upHere Graphics Card GPU Brace Support Video Card Sag Holder/Holster Bracket, Anodized Aerospace Aluminum, Single or Dual Slot Cards Black (G205)",13.99,4.7,https://www.amazon.com/upHere-Graphics-Anodized-Aerospace-Aluminum/dp/B079HSVSLR/ref=sr_1_83?dchild=1&keywords=gpu&qid=1613807002&sr=8-83
111,"EZDIY-FAB GPU Bracket ,Graphics Card Brace Support,Video Card Holder,GPU Holder for Custom Desktop PC Gaming-3mm Aluminum-White",8.59,4.3,https://www.amazon.com/EZDIY-FAB-Bracket-Graphics-Gaming-3mm-Aluminum-White/dp/B08LK4QFBK/ref=sr_1_84?dchild=1&keywords=gpu&qid=1613807002&sr=8-84
112,"IETS Graphics Card GPU Support Bracket with Dual Slot Cards， Anodized Aluminum Video Card Sag Holder Brace with Magnetic Base（Available in Black, Silver and red） (Silver)",13.99,5.0,https://www.amazon.com/IETS-Graphics-Anodized-Aluminum-Base%EF%BC%88Available/dp/B08L4JC1HB/ref=sr_1_85?dchild=1&keywords=gpu&qid=1613807002&sr=8-85
113,"ASUS ROG Strix NVIDIA GeForce RTX 3070 White OC Edition Gaming Graphics Card (PCIe 4.0, 8GB GDDR6, HDMI 2.1, DisplayPort 1.4a, White Color Scheme, Axial-tech Fan Design, 2.9-Slot, Super Alloy Power",,2.6,https://www.amazon.com/ASUS-Graphics-DisplayPort-Axial-tech-2-9-Slot/dp/B08R15HVJ3/ref=sr_1_86?dchild=1&keywords=gpu&qid=1613807002&sr=8-86
114,"upHere G276CF Dynamic Rainbow LED Effec Graphics Card GPU Brace Support Video Card Sag Holder/Holster Bracket,Anodized Aerospace Aluminum,Adjustable Length and Height Support",14.99,4.1,https://www.amazon.com/upHere-Graphics-Anodized-Aerospace-Adjustable/dp/B08DY63MWS/ref=sr_1_87?dchild=1&keywords=gpu&qid=1613807002&sr=8-87
115,ZOTAC GeForce GT 730 Zone Edition 4GB DDR3 PCI Express 2.0 x16 (x8 lanes) Graphics Card (ZT-71115-20L),103.06,4.3,https://www.amazon.com/ZOTAC-GeForce-Express-Graphics-ZT-71115-20L/dp/B00R5UW038/ref=sr_1_88?dchild=1&keywords=gpu&qid=1613807002&sr=8-88
116,Sapphire 11308-01-20G Nitro+ AMD Radeon RX 6900 XT PCIe 4.0 Gaming Graphics Card with 16GB GDDR6,2149.95,4.3,https://www.amazon.com/Sapphire-11308-01-20G-Radeon-Gaming-Graphics/dp/B08QQFW9YS/ref=sr_1_89?dchild=1&keywords=gpu&qid=1613807002&sr=8-89
117,Asus GeForce RTX 2070 Super Overclocked 8G EVO GDDR6 Dual-Fan Edition VR Ready HDMI DisplayPort Gaming Graphics Card (DUAL-RTX-2070S-O8G-EVO),,4.7,https://www.amazon.com/ASUS-Overclocked-Dual-Fan-DisplayPort-DUAL-RTX-2070S-O8G-EVO/dp/B07TYWQ1SW/ref=sr_1_90?dchild=1&keywords=gpu&qid=1613807002&sr=8-90
118,27.56 Inch EXP GDC Beast HDMI to Mini PCI-E Cable Portable HDMI to Mini PCI-E Cord,24.29,,https://www.amazon.com/gp/slredirect/picassoRedirect.html/ref=pa_sp_mtf_aps_sr_pg6_1?ie=UTF8&adId=A02696851U1O1HIFGX9G7&url=%2FSocobeta-27-56-Beast-Cable-Portable%2Fdp%2FB08DY7GS7Z%2Fref%3Dsr_1_91_sspa%3Fdchild%3D1%26keywords%3Dgpu%26qid%3D1613807002%26sr%3D8-91-spons%26psc%3D1%26smid%3DA2UZH47V8PAGGG&qualifier=1613807005&id=4192165249269440&widgetName=sp_mtf
119,AMD Athlon 64 X2 4200+ 512KB Socket 939 Dual-Core CPU,189.18,4.6,https://www.amazon.com/gp/slredirect/picassoRedirect.html/ref=pa_sp_mtf_aps_sr_pg6_1?ie=UTF8&adId=A0650360B3IZ5SVFPCHC&url=%2FADA4200DAA5CD-ATHLON-4200-DUAL-CORE%2Fdp%2FB000QCWRRQ%2Fref%3Dsr_1_92_sspa%3Fdchild%3D1%26keywords%3Dgpu%26qid%3D1613807002%26sr%3D8-92-spons%26psc%3D1%26smid%3DAZCEI3EMXUPTH&qualifier=1613807005&id=4192165249269440&widgetName=sp_mtf
120,Radeon PRO WX 3200 4GB,204.0,4.8,https://www.amazon.com/Radeon-Pro-3200-Graphics-Card/dp/B07WGY28SN/ref=sr_1_93?dchild=1&keywords=gpu&qid=1613807002&sr=8-93
121,BTO NVIDIA GeForce GT 730 4GB VGA/DVI/HDMI PCI-E Video Graphics Card for Tower / Desktop,84.99,2.7,https://www.amazon.com/BTO-NVIDIA-GeForce-Graphics-Desktop/dp/B08HZFZH7Y/ref=sr_1_94?dchild=1&keywords=gpu&qid=1613807002&sr=8-94
122,Asus ROG Strix Radeon Rx 570 O4G Gaming OC Edition GDDR5 DP HDMI DVI VR Ready AMD Graphics Card (ROG-STRIX-RX570-O4G-GAMING),,4.4,https://www.amazon.com/ASUS-Radeon-Gaming-Graphics-ROG-STRIX-RX570-O4G-GAMING/dp/B06Y5WGXX3/ref=sr_1_95?dchild=1&keywords=gpu&qid=1613807002&sr=8-95
123,"Yeston Radeon RX550 Gaming Graphics Cards, 2GB/4GB Memory GDDR5 128Bit 6000MHz VGA + HD + DVI-D GPU (4GB RAM)",155.99,4.5,https://www.amazon.com/Yeston-Radeon-Gaming-Graphics-6000MHz/dp/B07VYR2L43/ref=sr_1_96?dchild=1&keywords=gpu&qid=1613807002&sr=8-96
124,MSI Gaming GeForce GTX 1660 Ti 192-bit HDMI/DP 6GB GDRR6 HDCP Support DirectX 12 Dual Fan VR Ready OC Graphics Card (GTX 1660 TI VENTUS XS 6G OC),,4.8,https://www.amazon.com/MSI-GeForce-GTX-1660-Ti/dp/B07N824KNV/ref=sr_1_97?dchild=1&keywords=gpu&qid=1613807002&sr=8-97
125,"upHere 5V 3-pin Addressable RGB Graphics Card GPU Brace Support Holder,Support Video Card Sag Holder/Holster Bracket-GL28ARGB",14.99,3.8,https://www.amazon.com/upHere-Addressable-Graphics-Support-Bracket-GL28ARGB/dp/B07TT2RVFH/ref=sr_1_98?dchild=1&keywords=gpu&qid=1613807002&sr=8-98
126,Gigabyte GeForce GT 1030 GV-N1030D5-2GL Low Profile 2G Computer Graphics Card,,4.6,https://www.amazon.com/GIGABYTE-GeForce-GV-N1030D5-2GL-Computer-Graphics/dp/B071DY2VJR/ref=sr_1_99?dchild=1&keywords=gpu&qid=1613807002&sr=8-99
127,"DEEPCOOL GH-01 ADD-RGB Adjustable Graphics Card Holder, Addressable RGB Illumination, Support Up to 5 kg, Hidden Cables, Base Plate Control with 5 Pin 3v Connector",16.99,4.2,https://www.amazon.com/DEEPCOOL-Graphics-Addressable-Controlled-Motherboard/dp/B07PYR46CL/ref=sr_1_100?dchild=1&keywords=gpu&qid=1613807002&sr=8-100
128,ThinkStation Nvidia P400 HP,118.98,4.5,https://www.amazon.com/gp/slredirect/picassoRedirect.html/ref=pa_sp_atf_next_aps_sr_pg7_1?ie=UTF8&adId=A0333878P2GJYO6EFFES&url=%2FLenovo-4X60N86657-ThinkStation-Nvidia-P400%2Fdp%2FB072LV8BCP%2Fref%3Dsr_1_97_sspa%3Fdchild%3D1%26keywords%3Dgpu%26qid%3D1613807005%26sr%3D8-97-spons%26psc%3D1%26smid%3DA2I4D0WO1JEMBA&qualifier=1613807008&id=5178809340533817&widgetName=sp_atf_next
129,Arch Memory 16 GB (2 x 8 GB) 288-Pin DDR4 UDIMM RAM for Dell XPS 8900,98.84,5.0,https://www.amazon.com/gp/slredirect/picassoRedirect.html/ref=pa_sp_atf_next_aps_sr_pg7_1?ie=UTF8&adId=A052604234JDZU3FMCFG9&url=%2FArch-Memory-288-Pin-DDR4-UDIMM%2Fdp%2FB01B4ZDMJU%2Fref%3Dsr_1_98_sspa%3Fdchild%3D1%26keywords%3Dgpu%26qid%3D1613807005%26sr%3D8-98-spons%26psc%3D1&qualifier=1613807008&id=5178809340533817&widgetName=sp_atf_next
130,"DEEPCOOL GH-01 ADD-RGB Adjustable Graphics Card Holder, Addressable RGB Illumination, Support Up to 5 kg, Hidden Cables, Base Plate Control with 5 Pin 3v Connector",16.99,4.2,https://www.amazon.com/DEEPCOOL-Graphics-Addressable-Controlled-Motherboard/dp/B07PYR46CL/ref=sr_1_99?dchild=1&keywords=gpu&qid=1613807005&sr=8-99
131,MSI GT 1030 2GD4 LP OC Computer Graphics Cards,,4.6,https://www.amazon.com/MSI-GT-1030-2GD4-LP/dp/B07D9MQDP4/ref=sr_1_100?dchild=1&keywords=gpu&qid=1613807005&sr=8-100
132,"New 8GB Graphics Card GPU Upgrade Replacement, for Alienware 18 17 R1 R2 R3 R4 M17X R4 R5 M18X R2 R3 Gaming Laptop, Genuine NVIDIA GeForce GTX 980M GDDR5 MXM 3.0B VGA Board Repair Spare Parts",248.99,5.0,https://www.amazon.com/Graphics-Upgrade-Replacement-Alienware-Genuine/dp/B08PL42DQ5/ref=sr_1_101?dchild=1&keywords=gpu&qid=1613807005&sr=8-101
133,Sapphire Radeon 11265-05-20G Pulse RX 580 8GB GDDR5 Dual HDMI/ DVI-D/ Dual DP OC with Backplate (UEFI) PCI-E Graphics Card Graphic Cards,,4.7,https://www.amazon.com/Sapphire-11265-05-20G-Backplate-Graphics-Graphic/dp/B06ZZ6FMF8/ref=sr_1_102?dchild=1&keywords=gpu&qid=1613807005&sr=8-102
134,"ASUS ROG Strix AMD Radeon RX 6800 OC Edition Gaming Graphics Card (PCIe 4.0, 16GB GDDR6, HDMI 2.1, DisplayPort 1.4a, Axial-tech Fan Design, 2.9-Slot, Super Alloy Power II, GPU Tweak II)",,1.0,https://www.amazon.com/ASUS-Graphics-DisplayPort-Axial-tech-2-9-Slot/dp/B08NWJ29NB/ref=sr_1_103?dchild=1&keywords=gpu&qid=1613807005&sr=8-103
135,GPU Graphics Card Support Bracket GPU Graphic Holder Brace Vertical Holster for Gaming PC GPU Brackets Braces Support Video Card for 1080ti gt 1030 2070 gt 1030 etc Graphics Cards with Magnetized Base,12.99,4.8,https://www.amazon.com/Graphics-Support-Vertical-Brackets-Magnetized/dp/B08KXYXTWY/ref=sr_1_104?dchild=1&keywords=gpu&qid=1613807005&sr=8-104
136,"Computer Graphics Card GPU Brace Support Bracket ,Verticle GPU Sag Stand, Video Card Sag Holder Verticle Stick Mount for Computer Cases",11.99,4.4,https://www.amazon.com/Computer-Graphics-Support-Bracket-Verticle/dp/B08JC9V5NY/ref=sr_1_105?dchild=1&keywords=gpu&qid=1613807005&sr=8-105
137,"upHere G276BK Black Graphics Card GPU Brace Support Video Card Sag Holder/Holster Bracket,Anodized Aerospace Aluminum,Adjustable Length and Height Support",12.99,4.4,https://www.amazon.com/upHere-Graphics-Anodized-Aerospace-Adjustable/dp/B08DY5RT57/ref=sr_1_106?dchild=1&keywords=gpu&qid=1613807005&sr=8-106
138,Arctic Silver 5 AS5-3.5G Thermal Paste,5.97,4.8,https://www.amazon.com/gp/slredirect/picassoRedirect.html/ref=pa_sp_mtf_aps_sr_pg7_1?ie=UTF8&adId=A01643802LM6CAD2AFSTU&url=%2FArctic-Silver-AS5-3-5G-Thermal-Paste%2Fdp%2FB0087X728K%2Fref%3Dsr_1_107_sspa%3Fdchild%3D1%26keywords%3Dgpu%26qid%3D1613807005%26sr%3D8-107-spons%26psc%3D1%26smid%3DAZCEI3EMXUPTH&qualifier=1613807008&id=5178809340533817&widgetName=sp_mtf
139,ASUS ROG STRIX GeForce RTX 2070 SUPER Advanced Overclocked 8G GDDR6 HDMI DisplayPort USB Type-C Gaming Graphics Card (ROG-STRIX-RTX-2070S-A8G-GAMING),,4.8,https://www.amazon.com/ASUS-Advanced-Overclocked-DisplayPort-ROG-STRIX-RTX-2070S-A8G-GAMING/dp/B07TXRW3HX/ref=sr_1_108?dchild=1&keywords=gpu&qid=1613807005&sr=8-108
140,"EVGA GeForce GTX680 2GB GDDR5 DisplayPort DVI-I, DVI-D HDMI Graphics Card for Mac 02G-P4-3682-KR",,4.6,https://www.amazon.com/EVGA-GeForce-DisplayPort-Graphics-02G-P4-3682-KR/dp/B00C81T7ZS/ref=sr_1_109?dchild=1&keywords=gpu&qid=1613807005&sr=8-109
141,Universal Graphics Card Support Adjustable GPU Graphics Card Bracket Aluminium Alloy Two Graphics Cards Holder Strong Support for Graphics Card Liboer Black White (White),,4.1,https://www.amazon.com/Universal-Graphics-Adjustable-Aluminium-Liboer/dp/B08LGJV4NB/ref=sr_1_110?dchild=1&keywords=gpu&qid=1613807005&sr=8-110
142,Nvidia Tesla M2090 Gpu Card,61.8,,https://www.amazon.com/Nvidia-Tesla-M2090-Gpu-Card/dp/B005TJKPWU/ref=sr_1_111?dchild=1&keywords=gpu&qid=1613807005&sr=8-111
143,"Laptop External Independent Video Card Dock,for Mini PCI-E,Expresscard,6Pin+8Pin Interface Output,Without Power Supply",64.99,3.6,https://www.amazon.com/External-Independent-Expresscard-Interface-Without/dp/B07ZX97ZZQ/ref=sr_1_112?dchild=1&keywords=gpu&qid=1613807005&sr=8-112
144,"MHQJRH Graphics Card GPU Brace Support, Video Card Sag Holder Bracket, Anodized Aerospace Aluminum (Silver)",12.99,4.4,https://www.amazon.com/YATENG-Graphics-Anodized-Aerospace-Aluminum/dp/B07S7ZYF6L/ref=sr_1_113?dchild=1&keywords=gpu&qid=1613807005&sr=8-113
145,MSI GeForce GT 730 Fermi DDR3 128-bit 2GB DirectX 12 (N730 2GD3V3),47.99,4.0,https://www.amazon.com/MSI-GeForce-128-bit-DirectX-2GD3V3/dp/B015DROZM8/ref=sr_1_114?dchild=1&keywords=gpu&qid=1613807005&sr=8-114
146,upHere Raibow LED Graphics Card GPU Brace Support Video Card Sag Holder/Holster Bracket-GL28CF,13.99,4.2,https://www.amazon.com/upHere-Graphics-Support-Holster-Bracket-GL28CF/dp/B07TT38TX6/ref=sr_1_115?dchild=1&keywords=gpu&qid=1613807005&sr=8-115
147,HP Z440 Tower Server - Intel Xeon E5-2603 V3 1.6GHz 6 Core - 32GB DDR4 RAM - LSI 9217 4i4e SAS SATA Raid Card - 600GB (2X 300GB SAS New HDD) - NVS 310 512MB - 525W PSU - Windows 10 PRO (Renewed),359.03,,https://www.amazon.com/gp/slredirect/picassoRedirect.html/ref=pa_sp_atf_next_aps_sr_pg8_1?ie=UTF8&adId=A07344413VSXX07RE0MKK&url=%2FHP-Z440-Tower-Server-E5-2603%2Fdp%2FB086DBYHVW%2Fref%3Dsr_1_113_sspa%3Fdchild%3D1%26keywords%3Dgpu%26qid%3D1613807008%26sr%3D8-113-spons%26psc%3D1&qualifier=1613807010&id=5683321250427104&widgetName=sp_atf_next
148,Dual Mini 6 Pin to 8 Pin PCI Express Video Card Power Adapter Cable for Mac Pro Tower/Power Mac G5 15-inch(38cm),11.8,4.8,https://www.amazon.com/gp/slredirect/picassoRedirect.html/ref=pa_sp_atf_next_aps_sr_pg8_1?ie=UTF8&adId=A09654131MRVMTBG2G8B5&url=%2FExpress-Video-Power-Adapter-15-inch%2Fdp%2FB08JQM9G39%2Fref%3Dsr_1_114_sspa%3Fdchild%3D1%26keywords%3Dgpu%26qid%3D1613807008%26sr%3D8-114-spons%26psc%3D1&qualifier=1613807010&id=5683321250427104&widgetName=sp_atf_next
149,MSI GeForce GT 730 Fermi DDR3 128-bit 2GB DirectX 12 (N730 2GD3V3),47.99,4.0,https://www.amazon.com/MSI-GeForce-128-bit-DirectX-2GD3V3/dp/B015DROZM8/ref=sr_1_115?dchild=1&keywords=gpu&qid=1613807008&sr=8-115
150,upHere Raibow LED Graphics Card GPU Brace Support Video Card Sag Holder/Holster Bracket-GL28CF,13.99,4.2,https://www.amazon.com/upHere-Graphics-Support-Holster-Bracket-GL28CF/dp/B07TT38TX6/ref=sr_1_116?dchild=1&keywords=gpu&qid=1613807008&sr=8-116
151,Aquamoon Trading VVYN4 Genuine OEM Dell Graphics Card AMD HD-7000 GPU Series C264 Radeon HD7470 1GB 1DP 1DVI-I Full Height Bracket 01308-01 ATI 102-C6405 Pegatron 113-C2641100-108OUGA9 PCIe G742V,,4.0,https://www.amazon.com/Graphics-01308-01-102-C6405-Pegatron-113-C2641100-108OUGA9/dp/B078HD87CH/ref=sr_1_117?dchild=1&keywords=gpu&qid=1613807008&sr=8-117
152,PNY NVIDIA Quadro K1200 - ( VCQK1200DP-PB),262.86,4.5,https://www.amazon.com/PNY-NVIDIA-Quadro-K1200-VCQK1200DP-PB/dp/B00UPHAT2C/ref=sr_1_118?dchild=1&keywords=gpu&qid=1613807008&sr=8-118
153,MSI Computer GTX 1060 3GT OC NVIDIA GeForce 3GB GDDR5 DVI/HDMI/DisplayPort PCI-Express Video Card (Renewed),379.99,4.3,https://www.amazon.com/MSI-GTX-1060-3GT-GeForce/dp/B07NTWJKWD/ref=sr_1_119?dchild=1&keywords=gpu&qid=1613807008&sr=8-119
154,"Graphics Card GPU Brace Support, Video Card Sag Holder Bracket,Adjustable, Stable, Aluminum with anodic Oxidation(Dual, Black)",13.99,,https://www.amazon.com/Graphics-Support-Adjustable-Aluminum-Oxidation/dp/B08N46CW82/ref=sr_1_120?dchild=1&keywords=gpu&qid=1613807008&sr=8-120
155,Aluminum VGA Graphic Card Cooler - Graphic Card Fans - 3 x 80mm Fans with SATA+Aura 4PIN Connector VF-1,42.9,3.8,https://www.amazon.com/Aluminum-VGA-Graphic-Card-Cooler/dp/B07P9Y18HB/ref=sr_1_121?dchild=1&keywords=gpu&qid=1613807008&sr=8-121
156,"ZOTAC Gaming GeForce GTX 1650 OC 4GB GDDR5 128-Bit Gaming Graphics Card, Super Compact, ZT-T16500F-10L",392.3,4.6,https://www.amazon.com/ZOTAC-GeForce-128-Bit-Graphics-ZT-T16500F-10L/dp/B07QF1H9YR/ref=sr_1_122?dchild=1&keywords=gpu&qid=1613807008&sr=8-122
157,"nVidia Geforce GTX 1060 6GB Graphics Video Card GPU Upgrade for Alienware 18 17 15 R1 R2 R3 R4 M17X R5 M18X R3 Gaming Laptop, GDDR5 6 GB N17E-G1-A1 MXM 3.0 VGA Board Replacement Repair Parts",299.99,5.0,https://www.amazon.com/Geforce-Graphics-Alienware-N17E-G1-A1-Replacement/dp/B081KW8FLD/ref=sr_1_123?dchild=1&keywords=gpu&qid=1613807008&sr=8-123
158,"Flexible SLI Bridge GPU Cable, VGA Card SLI Flexible Bridge Cable Interconnect Connector 10cm, Dual Graphics Card SLI Crossfire Cable Bridge Connector for nVidia GPUs Graphic Cards",9.99,5.0,https://www.amazon.com/Flexible-Interconnect-Connector-Graphics-Crossfire/dp/B08F9SCTG7/ref=sr_1_124?dchild=1&keywords=gpu&qid=1613807008&sr=8-124
159,"ASUS ROG Strix LC AMD Radeon RX 6900 XT OC Edition Gaming Graphics Card (PCIe 4.0, 16GB GDDR6, HDMI 2.1, DisplayPort 1.4a, Full-Coverage Cold Plate, 240mm Radiator, 600mm tubing, GPU Tweak II)",,5.0,https://www.amazon.com/ASUS-Graphics-DisplayPort-Full-Coverage-Radiator/dp/B08S6Z2HGW/ref=sr_1_125?dchild=1&keywords=gpu&qid=1613807008&sr=8-125
160,"Brace Support Bracket Graphics Card GPU Brace Support, Video Card Sag Holder/Holster/Bracket, Anodized Aerospace Aluminum, Single or Dual Slot Cards (Red)",13.69,4.7,https://www.amazon.com/Support-Graphics-Anodized-Aerospace-Aluminum/dp/B08F7MBL6T/ref=sr_1_126?dchild=1&keywords=gpu&qid=1613807008&sr=8-126
161,"Funtin PCIe Riser Cable, 3.0 x16 PCI Express Riser Extender, Flexible High Speed 90 Degree 20cm GPU Riser Cable with Graphics Card Vertical Kit",42.99,4.0,https://www.amazon.com/Funtin-Extender-Flexible-Graphics-Vertical/dp/B08DG65456/ref=sr_1_127?dchild=1&keywords=gpu&qid=1613807008&sr=8-127
162,"[Mega1Comp] 6-Pack PCIe Riser Mining Card PCI-E 16x to 1x Riser Adapter Card w/LED, w/60cm USB 3.0 Extension Cable, SATA to 6Pin Molex Power Cable - Graphics Extension Kit Ethereum Mining ETH Ver 009S",44.99,5.0,https://www.amazon.com/Mega1Comp-6-Pack-Mining-Adapter-Extension/dp/B07F55HP83/ref=sr_1_128?dchild=1&keywords=gpu&qid=1613807008&sr=8-128
163,NVIDIA VCQP2000-PB Quadro P2000,,4.7,https://www.amazon.com/PNY-VCQP2000-PB-NVIDIA-Quadro-P2000/dp/B06X9Q9XW3/ref=sr_1_129?dchild=1&keywords=gpu&qid=1613807008&sr=8-129
164,"GIGABYTE AORUS RTX 3090 Gaming Box eGPU, WATERFORCE All-in-One Cooling System, Thunderbolt 3, GV-N3090IXEB-24GD External Graphics Card",3599.99,,https://www.amazon.com/GIGABYTE-WATERFORCE-Thunderbolt-GV-N3090IXEB-24GD-External/dp/B08R594ZX1/ref=sr_1_130?dchild=1&keywords=gpu&qid=1613807008&sr=8-130
165,Wathai Pcl Slot Fan 90mm 92mm Fans Brushless Cooling Fan for VGA Graphic Card Cooler,,4.2,https://www.amazon.com/gp/slredirect/picassoRedirect.html/ref=pa_sp_atf_next_aps_sr_pg9_1?ie=UTF8&adId=A085288929W1U8YDWWM2E&url=%2FWathai-Brushless-Cooling-Graphic-Cooler%2Fdp%2FB08FX23PWS%2Fref%3Dsr_1_129_sspa%3Fdchild%3D1%26keywords%3Dgpu%26qid%3D1613807010%26sr%3D8-129-spons%26psc%3D1&qualifier=1613807012&id=858913227799067&widgetName=sp_atf_next
166,"gostcai PCI‑E Cable Expansion Device,HDMI Wire for Beast Series Interface Adapt Line Adapter,Convenient for Laptop to The EXP DGC Module,Use The External Graphics Card.(White)",32.09,,https://www.amazon.com/gp/slredirect/picassoRedirect.html/ref=pa_sp_atf_next_aps_sr_pg9_1?ie=UTF8&adId=A01478112BXXRXDY07FW0&url=%2Fgostcai-Expansion-Interface-Convenient-External%2Fdp%2FB08SC6Y6MN%2Fref%3Dsr_1_130_sspa%3Fdchild%3D1%26keywords%3Dgpu%26qid%3D1613807010%26sr%3D8-130-spons%26psc%3D1&qualifier=1613807012&id=858913227799067&widgetName=sp_atf_next
167,"EVGA GeForce RTX 2070 XC Gaming, 8GB GDDR6, Dual HDB Fans & RGB LED Graphics Card 08G-P4-2172-KR, Real Boost Clock: 1710 MHz",,4.6,https://www.amazon.com/EVGA-RTX-2070-XC-08G-P4-2172-KR/dp/B07J63W42X/ref=sr_1_131?dchild=1&keywords=gpu&qid=1613807010&sr=8-131
168,"XFX RX-560D4SFG5 Radeon RX 560 1196MHz, 4gb GDDR5, 14CU, 896 SP, DX12, DP HDMI DVI, PCI-E AMD Graphics Card",,4.4,https://www.amazon.com/XFX-RX-560D4SFG5-Radeon-Graphic-Card/dp/B075LM7GYZ/ref=sr_1_132?dchild=1&keywords=gpu&qid=1613807010&sr=8-132
169,Useller V8.0 EXP GDC Beast Laptop External Independent Video Card Dock NGFF Notebook PCI-E Expansion Device,57.52,5.0,https://www.amazon.com/Useller-External-Independent-Notebook-Expansion/dp/B08GJTLCT1/ref=sr_1_133?dchild=1&keywords=gpu&qid=1613807010&sr=8-133
170,"Graphics Card Holder, Mugast Aluminum VC-2 Anodic Polishing Graphics Card GPU Stand Support Video Card Sag Holder/Holster Bracket (Black, Sliver)(Black)",17.29,4.7,https://www.amazon.com/Graphics-Mugast-Aluminum-Polishing-Support/dp/B07PFVD9LZ/ref=sr_1_134?dchild=1&keywords=gpu&qid=1613807010&sr=8-134
171,"MSI Gaming GeForce RTX 2070 8GB GDRR6 256-Bit HDMI/DP DirectX 12 VR Ready Ray Tracing Turing Architecture HDCP Graphics Card (RTX 2070 TRI FROZR), (Model: GeForce RTX 2070 TRI FROZR)",,4.7,https://www.amazon.com/MSI-GeForce-RTX-2070-FROZR/dp/B082P1BF7H/ref=sr_1_135?dchild=1&keywords=gpu&qid=1613807010&sr=8-135
172,"Funtin PCIe Riser Cable, 3.0 x16 PCI Express Riser Extender, Flexible High Speed GUP Riser Cable for ITX Case Chassis (18.5cm)",,4.5,https://www.amazon.com/Funtin-Express-Extender-Flexible-Chassis/dp/B082PJJBSG/ref=sr_1_136?dchild=1&keywords=gpu&qid=1613807010&sr=8-136
173,"VisionTek Radeon RX 560 4GB GDDR5 4M 4K Graphics Card, 4 Mini DisplayPort, 7.1 Surround Sound, PCI Express, Low-Profile GPU, ATX & SFF (901278)",201.9,4.1,https://www.amazon.com/VisionTek-Graphics-Displayports-Eyefinity-Low-Profile/dp/B07WHF289F/ref=sr_1_137?dchild=1&keywords=gpu&qid=1613807010&sr=8-137
174,Universal Graphics Card Support Adjustable GPU Graphics Card Bracket Aluminium Alloy Two Graphics Cards Holder Strong Support for Graphics Card Liboer Black White (White),,4.1,https://www.amazon.com/Universal-Graphics-Adjustable-Aluminium-Liboer/dp/B08LGJV4NB/ref=sr_1_138?dchild=1&keywords=gpu&qid=1613807010&sr=8-138
175,EZDIY-FAB New PCI Express PCIe3.0 16x Flexible Cable Card Extension Port Adapter High Speed Riser Card (30cm 90 Degree)-Upgrade Version,29.99,4.5,https://www.amazon.com/EZDIY-FAB-Flexible-Extension-Vertical-Upgrade/dp/B07K67CXHF/ref=sr_1_139?dchild=1&keywords=gpu&qid=1613807010&sr=8-139
176,"Graphics Card GPU Brace Support, Video Card Sag Holder Bracket,Adjustable, Stable, Aluminum with anodic Oxidation(Single, Black)",11.99,5.0,https://www.amazon.com/Graphics-Support-Adjustable-Aluminum-Oxidation/dp/B08N4HBL3M/ref=sr_1_140?dchild=1&keywords=gpu&qid=1613807010&sr=8-140
177,"Graphics Card GPU Brace Support, Video Card Sag Holder Bracket,Adjustable, Stable, Aluminum with anodic Oxidation(Single, Red)",11.99,5.0,https://www.amazon.com/Graphics-Support-Adjustable-Aluminum-Oxidation/dp/B08N48X9NC/ref=sr_1_141?dchild=1&keywords=gpu&qid=1613807010&sr=8-141
178,ASRock Phantom Gaming D Radeon RX 570 DirectX 12 RX570 4G 4GB 256-Bit GDDR5 PCI Express 3.0 x16 HDCP Ready Video Card,374.95,4.4,https://www.amazon.com/ASRock-Phantom-DirectX-256-Bit-Express/dp/B07FMHR1X5/ref=sr_1_142?dchild=1&keywords=gpu&qid=1613807010&sr=8-142
179,PNY NVIDIA Quadro RTX 5000,,4.2,https://www.amazon.com/PNY-QUADRO-5000-Graphic-Card/dp/B07JG1YBKY/ref=sr_1_143?dchild=1&keywords=gpu&qid=1613807010&sr=8-143
180,"MHQJRH Graphics Card GPU Brace Support, Video Card Sag Holder Bracket, Anodized Aerospace Aluminum (red)",12.99,4.9,https://www.amazon.com/YATENG-Graphics-Anodized-Aerospace-Aluminum/dp/B07S92H4L1/ref=sr_1_144?dchild=1&keywords=gpu&qid=1613807010&sr=8-144
181,PowerColor AMD Radeon RX 550 4GB Red Dragon Graphics Card,,4.5,https://www.amazon.com/PowerColor-Radeon-550-Dragon-Graphics/dp/B0899TDHRC/ref=sr_1_145?dchild=1&keywords=gpu&qid=1613807010&sr=8-145
182,"[Carbon Fiber Edition] Graphics Card GPU Brace Support, Video Card Sag Holder Bracket, Carbon Fiber GPU Brace",7.99,4.2,https://www.amazon.com/Carbon-Graphics-Support-Holder-Bracket/dp/B07VNQMG6W/ref=sr_1_146?dchild=1&keywords=gpu&qid=1613807010&sr=8-146
183,heaven2017 Mini 6 Pin to 6 Pin Graphics Card Power Cable for iOS G5 MacBook Pro - 30cm,2.41,,https://www.amazon.com/gp/slredirect/picassoRedirect.html/ref=pa_sp_atf_next_aps_sr_pg10_1?ie=UTF8&adId=A07039833O0UO9MKICYTA&url=%2Fheaven2017-Graphics-Power-Cable-MacBook%2Fdp%2FB07N7HX9QJ%2Fref%3Dsr_1_145_sspa%3Fdchild%3D1%26keywords%3Dgpu%26qid%3D1613807012%26sr%3D8-145-spons%26psc%3D1&qualifier=1613807014&id=3889780726832899&widgetName=sp_atf_next
184,Queen.Y Mini PCI Express PCI-E Adapter 16x Extender Riser Adapter with SATA Power Cord for Video Card Mining,14.89,,https://www.amazon.com/gp/slredirect/picassoRedirect.html/ref=pa_sp_atf_next_aps_sr_pg10_1?ie=UTF8&adId=A08582621OMT12NOAX6IU&url=%2FQueen-Y-Express-Adapter-Extender-Mining%2Fdp%2FB08HWTJCY9%2Fref%3Dsr_1_146_sspa%3Fdchild%3D1%26keywords%3Dgpu%26qid%3D1613807012%26sr%3D8-146-spons%26psc%3D1%26smid%3DA19Q2C2KJ4BEQB&qualifier=1613807014&id=3889780726832899&widgetName=sp_atf_next
185,AsiaHorse New PCIE 3.0 16x High Speed Flexible Extender Riser Cable Card Extension Port Adapter 200mm(90 Degree Angle Black),19.99,4.5,https://www.amazon.com/AsiaHorse-Flexible-Extender-Extension-Adapter/dp/B07Z4RGVQP/ref=sr_1_147?dchild=1&keywords=gpu&qid=1613807012&sr=8-147
186,"Bewinner Laptop External Independent Video Card Dock for Mini PCI-E - Support 6Pin+8Pin Interface Output - Use for Engineering Measurement, Data Collection, Server Debugging, Gpu Computing",62.99,3.7,https://www.amazon.com/Bewinner-Laptop-External-Independent-Video/dp/B07NQGK4RL/ref=sr_1_148?dchild=1&keywords=gpu&qid=1613807012&sr=8-148
187,inRobert 75mm T128010SU Graphic Card Fan Replacement Cooler for Gigabyte NVIDIA GeForce GTX 760 770 780 670 580 GPU (1pc),7.99,4.0,https://www.amazon.com/inRobert-T128010SU-Graphic-Replacement-Gigabyte/dp/B07F9TLDQ4/ref=sr_1_149?dchild=1&keywords=gpu&qid=1613807012&sr=8-149
188,"PowerColor Red Devil AMD Radeon RX 6900 XT Gaming Graphics Card with 16GB GDDR6 Memory, Powered by AMD RDNA 2, Raytracing, PCI Express 4.0, HDMI 2.1, AMD Infinity Cache",1973.0,1.0,https://www.amazon.com/PowerColor-Graphics-Powered-Raytracing-Infinity/dp/B08Q2R71CS/ref=sr_1_150?dchild=1&keywords=gpu&qid=1613807012&sr=8-150
189,MSI GAMING GeForce RTX 2070 8GB GDRR6 256-bit HDMI/DP/USB Ray Tracing Turing Architecture HDCP Graphics Card (RTX 2070 ARMOR 8G),,4.7,https://www.amazon.com/MSI-RTX-2070-Architecture-8G/dp/B07JCD8GQN/ref=sr_1_151?dchild=1&keywords=gpu&qid=1613807012&sr=8-151
190,"Aluminum GPU Brace Support - Goldmille Video Card Sag Holder Bracket Adjustable, Provide Strong & Long-Lasting Support for Graphics Card",,,https://www.amazon.com/Aluminum-GPU-Brace-Support-Long-Lasting/dp/B08P4FB7G4/ref=sr_1_152?dchild=1&keywords=gpu&qid=1613807012&sr=8-152
191,Nvidia Quadro K5200 8GB 256-bit PCIe x16 Computer Video Card GPU Dell R93GX,,4.0,https://www.amazon.com/Nvidia-Quadro-K5200-256-bit-Computer/dp/B01BI5X1TC/ref=sr_1_153?dchild=1&keywords=gpu&qid=1613807012&sr=8-153
192,MSI Gaming GeForce GTX 1650 Super 128-Bit HDMI/DP 4GB GDRR6 HDCP Support DirectX 12 Dual Fan VR Ready OC Graphics Card (GTX 1650 Super Gaming X),478.95,4.7,https://www.amazon.com/MSI-Gaming-GTX-1650-Super/dp/B081R2KRCZ/ref=sr_1_154?dchild=1&keywords=gpu&qid=1613807012&sr=8-154
193,Zopsc Graphics Card Holder Computer LED Illuminated Graphics Card Support Holder GPU Support Frame Universal Vertical GPU Bracket,28.49,3.1,https://www.amazon.com/Zopsc-Graphics-Computer-Illuminated-Universal/dp/B08CC6VB1H/ref=sr_1_155?dchild=1&keywords=gpu&qid=1613807012&sr=8-155
194,ASUS GeForce GT 710 1GB GDDR5 HDMI VGA DVI Graphics Card (GT710-SL-1GD5-BRK),,4.6,https://www.amazon.com/ASUS-GeForce-GDDR5-Graphics-GT710-SL-1GD5-BRK/dp/B075FJSGJ2/ref=sr_1_156?dchild=1&keywords=gpu&qid=1613807012&sr=8-156
195,Laptop External Independent Video Card Dock for Mini PCI-E Without Power Supply,69.19,4.2,https://www.amazon.com/Serounder-Laptop-External-Independent-Without/dp/B07P5Y3YW1/ref=sr_1_157?dchild=1&keywords=gpu&qid=1613807012&sr=8-157
196,EVGA EPOWER V (100-UV-0600-BR),149.99,5.0,https://www.amazon.com/EVGA-100-UV-0600-BR-EPOWER-V/dp/B081BCX5KJ/ref=sr_1_158?dchild=1&keywords=gpu&qid=1613807012&sr=8-158
197,EVGA GeForce GT 1030 SC 2GB GDDR5 Single Slot Graphics Card 02G-P4-6338-KR,,4.5,https://www.amazon.com/EVGA-GeForce-Single-Graphics-02G-P4-6338-KR/dp/B073VPS15N/ref=sr_1_159?dchild=1&keywords=gpu&qid=1613807012&sr=8-159
198,"2 GB Graphics Video Card GPU Upgrade Replacement for Apple iMac Mid-2011 A1312 27 Inch Core i7 3.4 i5 3.1 Desktop Computer, New AMD Radeon HD 6970M HD6970M 2GB MXM Board Repair Parts",185.98,5.0,https://www.amazon.com/Graphics-Replacement-Mid-2011-HD-6970M/dp/B08RD7K6R7/ref=sr_1_160?dchild=1&keywords=gpu&qid=1613807012&sr=8-160
199,"Bewinner1 Graphics Card GPU Brace Support Holder, All-Aluminum Alloy Video Card Sag Holder Bracket Computer Video Card Companion Support Pole for Host",24.19,,https://www.amazon.com/Bewinner1-Graphics-All-Aluminum-Computer-Companion/dp/B088KMJ88B/ref=sr_1_161?dchild=1&keywords=gpu&qid=1613807012&sr=8-161
200,"EVGA GT 710 2GB DDR3 64bit Single Slot, Low Profile 02G-P3-2713-KR",,4.5,https://www.amazon.com/EVGA-64bit-Single-Profile-02G-P3-2713-KR/dp/B01AZ7M2OY/ref=sr_1_162?dchild=1&keywords=gpu&qid=1613807012&sr=8-162
